This is LuaHBTeX, Version 1.24.0 (TeX Live 2026)  (format=lualatex 2026.6.29)  29 JUL 2026 20:24
 restricted system commands enabled.
**index.tex
(./index.tex
LaTeX2e <2026-06-01>
L3 programming layer <2026-06-18>
Lua module: luaotfload 2024-12-03 v3.29 Lua based OpenType font support
Lua module: lualibs 2023-07-13 v2.76 ConTeXt Lua standard libraries.
Lua module: lualibs-extended 2023-07-13 v2.76 ConTeXt Lua libraries -- extended 
collection.
luaotfload | conf : Root cache directory is "C:/texlive/2026/texmf-var/luatex-ca
che/generic/names".
luaotfload | init : Loading fontloader "fontloader-2023-12-28.lua" from kpse-res
olved path "c:/texlive/2026/texmf-dist/tex/luatex/luaotfload/fontloader-2023-12-
28.lua".
Lua-only attribute luaotfload@noligature = 1
luaotfload | init : Context OpenType loader version 3.134
Inserting `luaotfload.node_processor' in `pre_linebreak_filter'.
Inserting `luaotfload.node_processor' in `hpack_filter'.
Inserting `luaotfload.glyph_stream' in `glyph_stream_provider'.
Inserting `luaotfload.define_font' in `define_font'.
Lua-only attribute luaotfload_color_attribute = 2
luaotfload | conf : Root cache directory is "C:/texlive/2026/texmf-var/luatex-ca
che/generic/names".
Inserting `luaotfload.harf.strip_prefix' in `find_opentype_file'.
Inserting `luaotfload.harf.strip_prefix' in `find_truetype_file'.
Removing  `luaotfload.glyph_stream' from `glyph_stream_provider'.
Inserting `luaotfload.harf.glyphstream' in `glyph_stream_provider'.
Inserting `luaotfload.harf.finalize_vlist' in `post_linebreak_filter'.
Inserting `luaotfload.harf.finalize_hlist' in `hpack_filter'.
Inserting `luaotfload.cleanup_files' in `wrapup_run'.
Inserting `luaotfload.harf.finalize_unicode' in `finish_pdffile'.
Inserting `luaotfload.glyphinfo' in `glyph_info'.
Lua-only attribute luaotfload.letterspace_done = 3
Inserting `luaotfload.aux.set_sscale_dimens' in `luaotfload.patch_font'.
Inserting `luaotfload.aux.set_font_index' in `luaotfload.patch_font'.
Inserting `luaotfload.aux.patch_cambria_domh' in `luaotfload.patch_font'.
Inserting `luaotfload.aux.fixup_fontdata' in `luaotfload.patch_font_unsafe'.
Inserting `luaotfload.aux.set_capheight' in `luaotfload.patch_font'.
Inserting `luaotfload.aux.set_xheight' in `luaotfload.patch_font'.
Inserting `luaotfload.rewrite_fontname' in `luaotfload.patch_font'.
Inserting `tracingstacklevels' in `input_level_string'. (c:/texlive/2026/texmf-
dist/tex/latex/koma-script/scrreprt.cls
Document Class: scrreprt 2026/02/02 v3.49.2 KOMA-Script document class (report)

(c:/texlive/2026/texmf-dist/tex/latex/koma-script/scrkbase.sty
Package: scrkbase 2026/02/02 v3.49.2 KOMA-Script package (KOMA-Script-dependent
 basics and keyval usage)
(c:/texlive/2026/texmf-dist/tex/latex/koma-script/scrbase.sty
Package: scrbase 2026/02/02 v3.49.2 KOMA-Script package (KOMA-Script-independen
t basics and keyval usage)
(c:/texlive/2026/texmf-dist/tex/latex/koma-script/scrlfile.sty
Package: scrlfile 2026/02/02 v3.49.2 KOMA-Script package (file load hooks)
(c:/texlive/2026/texmf-dist/tex/latex/koma-script/scrlfile-hook.sty
Package: scrlfile-hook 2026/02/02 v3.49.2 KOMA-Script package (using LaTeX hook
s)
(c:/texlive/2026/texmf-dist/tex/latex/koma-script/scrlogo.sty
Package: scrlogo 2026/02/02 v3.49.2 KOMA-Script package (logo)
))) (c:/texlive/2026/texmf-dist/tex/latex/graphics/keyval.sty
Package: keyval 2026-05-17 v1.15 key=value parser (DPC)
\KV@toks@=\toks17
)
Applying: [2021/05/01] Usage of raw or classic option list on input line 254.
Already applied: [0000/00/00] Usage of raw or classic option list on input line
 370.
)) (c:/texlive/2026/texmf-dist/tex/latex/koma-script/tocbasic.sty
Package: tocbasic 2026/02/02 v3.49.2 KOMA-Script package (handling toc-files)
\scr@dte@tocline@numberwidth=\skip49
\scr@dte@tocline@numbox=\box53
)
Package tocbasic Info: omitting babel extension for `toc'
(tocbasic)             because of feature `nobabel' available
(tocbasic)             for `toc' on input line 143.
Class scrreprt Info: You've used standard option `oneside'.
(scrreprt)           This is correct!
(scrreprt)           Internally I'm using `twoside=false'.
(scrreprt)           If you'd like to set the option with \KOMAoptions,
(scrreprt)           you'd have to use `twoside=false' there
(scrreprt)           instead of `oneside', too.
Class scrreprt Info: File `scrsize11pt.clo' used instead of
(scrreprt)           file `scrsize11.clo' to setup font sizes on input line 271
0.
(c:/texlive/2026/texmf-dist/tex/latex/koma-script/scrsize11pt.clo
File: scrsize11pt.clo 2026/02/02 v3.49.2 KOMA-Script font size class option (11
pt)
luaotfload | db : Font names database loaded from C:/texlive/2026/texmf-var/luat
ex-cache/generic/names/luaotfload-names.luc.gz) (c:/texlive/2026/texmf-dist/tex
/latex/koma-script/typearea.sty
Package: typearea 2026/02/02 v3.49.2 KOMA-Script package (type area)
\ta@bcor=\skip50
\ta@div=\count274
Package typearea Info: You've used standard option `letterpaper'.
(typearea)             This is correct!
(typearea)             Internally I'm using `paper=letter'.
(typearea)             If you'd like to set the option with \KOMAoptions,
(typearea)             you'd have to use `paper=letter' there
(typearea)             instead of `letterpaper', too.
Package typearea Info: You've used standard option `oneside'.
(typearea)             This is correct!
(typearea)             Internally I'm using `twoside=false'.
(typearea)             If you'd like to set the option with \KOMAoptions,
(typearea)             you'd have to use `twoside=false' there
(typearea)             instead of `oneside', too.
\ta@hblk=\skip51
\ta@vblk=\skip52
\ta@temp=\skip53
\footheight=\skip54
Package typearea Info: These are the values describing the layout:
(typearea)             DIV  = 11
(typearea)             BCOR = 0.0pt
(typearea)             \paperwidth      = 614.295pt
(typearea)              \textwidth      = 446.76004pt
(typearea)              DIV departure   = -14%
(typearea)              \evensidemargin = 11.49748pt
(typearea)              \oddsidemargin  = 11.49748pt
(typearea)             \paperheight     = 794.96999pt
(typearea)              \textheight     = 582.20026pt
(typearea)              \topmargin      = -37.40001pt
(typearea)              \headheight     = 17.0pt
(typearea)              \headsep        = 20.40001pt
(typearea)              \topskip        = 11.0pt
(typearea)              \footskip       = 47.6pt
(typearea)              \baselineskip   = 13.6pt
(typearea)              on input line 1810.
)
\c_scrreprt_cmdhook_cctab=\catcodetable14
\c@part=\count275
\c@chapter=\count276
\c@section=\count277
\c@subsection=\count278
\c@subsubsection=\count279
\c@paragraph=\count280
\c@subparagraph=\count281
\scr@dte@chapter@maxnumwidth=\skip55
Class scrreprt Info: using compatibility default `afterindent=bysign'
(scrreprt)           for `\chapter on input line 5934.
\scr@dte@section@maxnumwidth=\skip56
Class scrreprt Info: using compatibility default `runin=bysign'
(scrreprt)           for `\section on input line 5945.
Class scrreprt Info: using compatibility default `afterindent=bysign'
(scrreprt)           for `\section on input line 5945.
\scr@dte@part@maxnumwidth=\skip57
Class scrreprt Info: using compatibility default `afterindent=true'
(scrreprt)           for `\part on input line 5954.
\scr@dte@subsection@maxnumwidth=\skip58
Class scrreprt Info: using compatibility default `runin=bysign'
(scrreprt)           for `\subsection on input line 5964.
Class scrreprt Info: using compatibility default `afterindent=bysign'
(scrreprt)           for `\subsection on input line 5964.
\scr@dte@subsubsection@maxnumwidth=\skip59
Class scrreprt Info: using compatibility default `runin=bysign'
(scrreprt)           for `\subsubsection on input line 5974.
Class scrreprt Info: using compatibility default `afterindent=bysign'
(scrreprt)           for `\subsubsection on input line 5974.
\scr@dte@paragraph@maxnumwidth=\skip60
Class scrreprt Info: using compatibility default `runin=bysign'
(scrreprt)           for `\paragraph on input line 5985.
Class scrreprt Info: using compatibility default `afterindent=bysign'
(scrreprt)           for `\paragraph on input line 5985.
\scr@dte@subparagraph@maxnumwidth=\skip61
Class scrreprt Info: using compatibility default `runin=bysign'
(scrreprt)           for `\subparagraph on input line 5995.
Class scrreprt Info: using compatibility default `afterindent=bysign'
(scrreprt)           for `\subparagraph on input line 5995.
\abovecaptionskip=\skip62
\belowcaptionskip=\skip63
\c@pti@nb@sid@b@x=\box54
Package tocbasic Info: omitting babel extension for `lof'
(tocbasic)             because of feature `nobabel' available
(tocbasic)             for `lof' on input line 7225.
\scr@dte@figure@maxnumwidth=\skip64
\c@figure=\count282
Package tocbasic Info: omitting babel extension for `lot'
(tocbasic)             because of feature `nobabel' available
(tocbasic)             for `lot' on input line 7238.
\scr@dte@table@maxnumwidth=\skip65
\c@table=\count283
Class scrreprt Info: Redefining `\numberline' on input line 7409.
\bibindent=\dimen149
) (c:/texlive/2026/texmf-dist/tex/latex/xcolor/xcolor.sty
Package: xcolor 2024/09/29 v3.02 LaTeX color extensions (UK)
(c:/texlive/2026/texmf-dist/tex/latex/graphics-cfg/color.cfg
File: color.cfg 2016/01/02 v1.6 sample color configuration
)
Package xcolor Info: Driver file: luatex.def on input line 274.
(c:/texlive/2026/texmf-dist/tex/latex/graphics-def/luatex.def
File: luatex.def 2025/09/29 v1.2f Graphics/color driver for luatex
) (c:/texlive/2026/texmf-dist/tex/latex/graphics/mathcolor.ltx)
Package xcolor Info: Model `cmy' substituted by `cmy0' on input line 1349.
Package xcolor Info: Model `hsb' substituted by `rgb' on input line 1353.
Package xcolor Info: Model `RGB' extended on input line 1365.
Package xcolor Info: Model `HTML' substituted by `rgb' on input line 1367.
Package xcolor Info: Model `Hsb' substituted by `hsb' on input line 1368.
Package xcolor Info: Model `tHsb' substituted by `hsb' on input line 1369.
Package xcolor Info: Model `HSB' substituted by `hsb' on input line 1370.
Package xcolor Info: Model `Gray' substituted by `gray' on input line 1371.
Package xcolor Info: Model `wave' substituted by `hsb' on input line 1372.
) (c:/texlive/2026/texmf-dist/tex/latex/graphics/dvipsnam.def
File: dvipsnam.def 2026-05-17 v3.0m Driver-dependent file (DPC,SPQR)
) (c:/texlive/2026/texmf-dist/tex/latex/xcolor/svgnam.def
File: svgnam.def 2024/09/29 v3.02 Predefined colors according to SVG 1.1 (UK)
) (c:/texlive/2026/texmf-dist/tex/latex/xcolor/x11nam.def
File: x11nam.def 2024/09/29 v3.02 Predefined colors according to Unix/X11 (UK)
) (c:/texlive/2026/texmf-dist/tex/latex/geometry/geometry.sty
Package: geometry 2026/03/07 v6.0 Page Geometry
(c:/texlive/2026/texmf-dist/tex/generic/iftex/ifvtex.sty
Package: ifvtex 2019/10/25 v1.7 ifvtex legacy package. Use iftex instead.
(c:/texlive/2026/texmf-dist/tex/generic/iftex/iftex.sty
Package: iftex 2024/12/12 v1.0g TeX engine tests
))
\Gm@cnth=\count284
\Gm@cntv=\count285
\c@Gm@tempcnt=\count286
\Gm@bindingoffset=\dimen150
\Gm@wd@mp=\dimen151
\Gm@odd@mp=\dimen152
\Gm@even@mp=\dimen153
\Gm@layoutwidth=\dimen154
\Gm@layoutheight=\dimen155
\Gm@layouthoffset=\dimen156
\Gm@layoutvoffset=\dimen157
\Gm@dimlist=\toks18
) (c:/texlive/2026/texmf-dist/tex/latex/amsmath/amsmath.sty
Package: amsmath 2026/05/19 v2.18d AMS math features
\@mathmargin=\skip66
For additional information on amsmath, use the `?' option.
(c:/texlive/2026/texmf-dist/tex/latex/amsmath/amstext.sty
Package: amstext 2024/11/17 v2.01 AMS text
(c:/texlive/2026/texmf-dist/tex/latex/amsmath/amsgen.sty
File: amsgen.sty 1999/11/30 v2.0 generic functions
\@emptytoks=\toks19
\ex@=\dimen158
)) (c:/texlive/2026/texmf-dist/tex/latex/amsmath/amsbsy.sty
Package: amsbsy 1999/11/29 v1.2d Bold Symbols
\pmbraise@=\dimen159
) (c:/texlive/2026/texmf-dist/tex/latex/amsmath/amsopn.sty
Package: amsopn 2022/04/08 v2.04 operator names
)
\inf@bad=\count287
LaTeX Info: Redefining \frac on input line 235.
\uproot@=\count288
\leftroot@=\count289
LaTeX Info: Redefining \overline on input line 398.
LaTeX Info: Redefining \colon on input line 409.
\classnum@=\count290
\DOTSCASE@=\count291
LaTeX Info: Redefining \ldots on input line 495.
LaTeX Info: Redefining \dots on input line 498.
LaTeX Info: Redefining \cdots on input line 619.
\Mathstrutbox@=\box55
\strutbox@=\box56
LaTeX Info: Redefining \big on input line 721.
LaTeX Info: Redefining \Big on input line 722.
LaTeX Info: Redefining \bigg on input line 723.
LaTeX Info: Redefining \Bigg on input line 724.
\big@size=\dimen160
LaTeX Font Info:    Redeclaring font encoding OML on input line 742.
LaTeX Font Info:    Redeclaring font encoding OMS on input line 743.
\macc@depth=\count292
LaTeX Info: Redefining \bmod on input line 904.
LaTeX Info: Redefining \pmod on input line 909.
LaTeX Info: Redefining \smash on input line 939.
LaTeX Info: Redefining \relbar on input line 969.
LaTeX Info: Redefining \Relbar on input line 970.
\c@MaxMatrixCols=\count293
\dotsspace@=\muskip17
\c@parentequation=\count294
\dspbrk@lvl=\count295
\tag@help=\toks20
\row@=\count296
\column@=\count297
\maxfields@=\count298
\andhelp@=\toks21
\eqnshift@=\dimen161
\alignsep@=\dimen162
\tagshift@=\dimen163
\tagwidth@=\dimen164
\totwidth@=\dimen165
\lineht@=\dimen166
\@envbody=\toks22
\multlinegap=\skip67
\multlinetaggap=\skip68
\mathdisplay@stack=\toks23
LaTeX Info: Redefining \[ on input line 2965.
LaTeX Info: Redefining \] on input line 2966.
) (c:/texlive/2026/texmf-dist/tex/latex/amsfonts/amssymb.sty
Package: amssymb 2013/01/14 v3.01 AMS font symbols
(c:/texlive/2026/texmf-dist/tex/latex/amsfonts/amsfonts.sty
Package: amsfonts 2013/01/14 v3.01 Basic AMSFonts support
\symAMSa=\mathgroup4
\symAMSb=\mathgroup5
LaTeX Font Info:    Redeclaring math symbol \hbar on input line 98.
LaTeX Font Info:    Overwriting math alphabet `\mathfrak' in version `bold'
(Font)                  U/euf/m/n --> U/euf/b/n on input line 106.
)) (c:/texlive/2026/texmf-dist/tex/latex/unicode-math/unicode-math.sty (c:/texl
ive/2026/texmf-dist/tex/latex/l3kernel/expl3.sty
Package: expl3 2026-06-18 L3 programming layer (loader) 
(c:/texlive/2026/texmf-dist/tex/latex/l3backend/l3backend-luatex.def
File: l3backend-luatex.def 2026-02-18 L3 backend support: PDF output (LuaTeX)
\l__color_backend_stack_int=\count299
Inserting `l3color' in `luaotfload.parse_color'.))
Package: unicode-math 2023/08/13 v0.8r Unicode maths in XeLaTeX and LuaLaTeX
(c:/texlive/2026/texmf-dist/tex/latex/unicode-math/unicode-math-luatex.sty
Package: unicode-math-luatex 2023/08/13 v0.8r Unicode maths in XeLaTeX and LuaL
aTeX
(c:/texlive/2026/texmf-dist/tex/latex/l3packages/xparse/xparse.sty
Package: xparse 2025-10-09 L3 Experimental document command parser
) (c:/texlive/2026/texmf-dist/tex/latex/l3packages/l3keys2e/l3keys2e.sty
Package: l3keys2e 2025-10-09 LaTeX2e option processing using LaTeX3 keys
) (c:/texlive/2026/texmf-dist/tex/latex/fontspec/fontspec.sty
Package: fontspec 2025/09/29 v2.9g Font selection for XeLaTeX and LuaLaTeX
Lua module: fontspec 2025/09/29 v2.9g Font selection for XeLaTeX and LuaLaTeX (c:/texlive/2026/texmf-dist/tex/latex/fontspec/fontspec-luatex.sty
Package: fontspec-luatex 2025/09/29 v2.9g Font selection for XeLaTeX and LuaLaT
eX
\l__fontspec_script_int=\count300
\l__fontspec_language_int=\count301
\l__fontspec_strnum_int=\count302
\l__fontspec_tmp_int=\count303
\l__fontspec_tmpa_int=\count304
\l__fontspec_tmpb_int=\count305
\l__fontspec_tmpc_int=\count306
\l__fontspec_em_int=\count307
\l__fontspec_emdef_int=\count308
\l__fontspec_strong_int=\count309
\l__fontspec_strongdef_int=\count310
\l__fontspec_tmpa_dim=\dimen167
\l__fontspec_tmpb_dim=\dimen168
\l__fontspec_tmpc_dim=\dimen169
(c:/texlive/2026/texmf-dist/tex/latex/base/fontenc.sty
Package: fontenc 2025/07/18 v2.1d Standard LaTeX package
) (c:/texlive/2026/texmf-dist/tex/latex/fontspec/fontspec.cfg))) (c:/texlive/20
26/texmf-dist/tex/latex/base/fix-cm.sty
Package: fix-cm 2020/11/24 v1.1t fixes to LaTeX
(c:/texlive/2026/texmf-dist/tex/latex/base/ts1enc.def
File: ts1enc.def 2001/06/05 v3.0e (jk/car/fm) Standard LaTeX file
LaTeX Font Info:    Redeclaring font encoding TS1 on input line 47.
LaTeX Encoding Info:    Redeclaring text command \capitalcedilla (encoding TS1)
 on input line 49.
LaTeX Encoding Info:    Redeclaring text command \capitalogonek (encoding TS1) 
on input line 52.
LaTeX Encoding Info:    Redeclaring text command \capitalgrave (encoding TS1) o
n input line 55.
LaTeX Encoding Info:    Redeclaring text command \capitalacute (encoding TS1) o
n input line 56.
LaTeX Encoding Info:    Redeclaring text command \capitalcircumflex (encoding T
S1) on input line 57.
LaTeX Encoding Info:    Redeclaring text command \capitaltilde (encoding TS1) o
n input line 58.
LaTeX Encoding Info:    Redeclaring text command \capitaldieresis (encoding TS1
) on input line 59.
LaTeX Encoding Info:    Redeclaring text command \capitalhungarumlaut (encoding
 TS1) on input line 60.
LaTeX Encoding Info:    Redeclaring text command \capitalring (encoding TS1) on
 input line 61.
LaTeX Encoding Info:    Redeclaring text command \capitalcaron (encoding TS1) o
n input line 62.
LaTeX Encoding Info:    Redeclaring text command \capitalbreve (encoding TS1) o
n input line 63.
LaTeX Encoding Info:    Redeclaring text command \capitalmacron (encoding TS1) 
on input line 64.
LaTeX Encoding Info:    Redeclaring text command \capitaldotaccent (encoding TS
1) on input line 65.
LaTeX Encoding Info:    Redeclaring text command \t (encoding TS1) on input lin
e 66.
LaTeX Encoding Info:    Redeclaring text command \capitaltie (encoding TS1) on 
input line 67.
LaTeX Encoding Info:    Redeclaring text command \newtie (encoding TS1) on inpu
t line 68.
LaTeX Encoding Info:    Redeclaring text command \capitalnewtie (encoding TS1) 
on input line 69.
LaTeX Encoding Info:    Redeclaring text symbol \textcapitalcompwordmark (encod
ing TS1) on input line 70.
LaTeX Encoding Info:    Redeclaring text symbol \textascendercompwordmark (enco
ding TS1) on input line 71.
LaTeX Encoding Info:    Redeclaring text symbol \textquotestraightbase (encodin
g TS1) on input line 72.
LaTeX Encoding Info:    Redeclaring text symbol \textquotestraightdblbase (enco
ding TS1) on input line 73.
LaTeX Encoding Info:    Redeclaring text symbol \texttwelveudash (encoding TS1)
 on input line 74.
LaTeX Encoding Info:    Redeclaring text symbol \textthreequartersemdash (encod
ing TS1) on input line 75.
LaTeX Encoding Info:    Redeclaring text symbol \textleftarrow (encoding TS1) o
n input line 76.
LaTeX Encoding Info:    Redeclaring text symbol \textrightarrow (encoding TS1) 
on input line 77.
LaTeX Encoding Info:    Redeclaring text symbol \textblank (encoding TS1) on in
put line 78.
LaTeX Encoding Info:    Redeclaring text symbol \textdollar (encoding TS1) on i
nput line 79.
LaTeX Encoding Info:    Redeclaring text symbol \textquotesingle (encoding TS1)
 on input line 80.
LaTeX Encoding Info:    Redeclaring text command \textasteriskcentered (encodin
g TS1) on input line 81.
LaTeX Encoding Info:    Redeclaring text symbol \textdblhyphen (encoding TS1) o
n input line 92.
LaTeX Encoding Info:    Redeclaring text symbol \textfractionsolidus (encoding 
TS1) on input line 93.
LaTeX Encoding Info:    Redeclaring text symbol \textzerooldstyle (encoding TS1
) on input line 94.
LaTeX Encoding Info:    Redeclaring text symbol \textoneoldstyle (encoding TS1)
 on input line 95.
LaTeX Encoding Info:    Redeclaring text symbol \texttwooldstyle (encoding TS1)
 on input line 96.
LaTeX Encoding Info:    Redeclaring text symbol \textthreeoldstyle (encoding TS
1) on input line 97.
LaTeX Encoding Info:    Redeclaring text symbol \textfouroldstyle (encoding TS1
) on input line 98.
LaTeX Encoding Info:    Redeclaring text symbol \textfiveoldstyle (encoding TS1
) on input line 99.
LaTeX Encoding Info:    Redeclaring text symbol \textsixoldstyle (encoding TS1)
 on input line 100.
LaTeX Encoding Info:    Redeclaring text symbol \textsevenoldstyle (encoding TS
1) on input line 101.
LaTeX Encoding Info:    Redeclaring text symbol \texteightoldstyle (encoding TS
1) on input line 102.
LaTeX Encoding Info:    Redeclaring text symbol \textnineoldstyle (encoding TS1
) on input line 103.
LaTeX Encoding Info:    Redeclaring text symbol \textlangle (encoding TS1) on i
nput line 104.
LaTeX Encoding Info:    Redeclaring text symbol \textminus (encoding TS1) on in
put line 105.
LaTeX Encoding Info:    Redeclaring text symbol \textrangle (encoding TS1) on i
nput line 106.
LaTeX Encoding Info:    Redeclaring text symbol \textmho (encoding TS1) on inpu
t line 107.
LaTeX Encoding Info:    Redeclaring text symbol \textbigcircle (encoding TS1) o
n input line 108.
LaTeX Encoding Info:    Redeclaring text command \textcircled (encoding TS1) on
 input line 109.
LaTeX Encoding Info:    Redeclaring text symbol \textohm (encoding TS1) on inpu
t line 115.
LaTeX Encoding Info:    Redeclaring text symbol \textlbrackdbl (encoding TS1) o
n input line 116.
LaTeX Encoding Info:    Redeclaring text symbol \textrbrackdbl (encoding TS1) o
n input line 117.
LaTeX Encoding Info:    Redeclaring text symbol \textuparrow (encoding TS1) on 
input line 118.
LaTeX Encoding Info:    Redeclaring text symbol \textdownarrow (encoding TS1) o
n input line 119.
LaTeX Encoding Info:    Redeclaring text symbol \textasciigrave (encoding TS1) 
on input line 120.
LaTeX Encoding Info:    Redeclaring text symbol \textborn (encoding TS1) on inp
ut line 121.
LaTeX Encoding Info:    Redeclaring text symbol \textdivorced (encoding TS1) on
 input line 122.
LaTeX Encoding Info:    Redeclaring text symbol \textdied (encoding TS1) on inp
ut line 123.
LaTeX Encoding Info:    Redeclaring text symbol \textleaf (encoding TS1) on inp
ut line 124.
LaTeX Encoding Info:    Redeclaring text symbol \textmarried (encoding TS1) on 
input line 125.
LaTeX Encoding Info:    Redeclaring text symbol \textmusicalnote (encoding TS1)
 on input line 126.
LaTeX Encoding Info:    Redeclaring text symbol \texttildelow (encoding TS1) on
 input line 127.
LaTeX Encoding Info:    Redeclaring text symbol \textdblhyphenchar (encoding TS
1) on input line 128.
LaTeX Encoding Info:    Redeclaring text symbol \textasciibreve (encoding TS1) 
on input line 129.
LaTeX Encoding Info:    Redeclaring text symbol \textasciicaron (encoding TS1) 
on input line 130.
LaTeX Encoding Info:    Redeclaring text symbol \textacutedbl (encoding TS1) on
 input line 131.
LaTeX Encoding Info:    Redeclaring text symbol \textgravedbl (encoding TS1) on
 input line 132.
LaTeX Encoding Info:    Redeclaring text symbol \textdagger (encoding TS1) on i
nput line 133.
LaTeX Encoding Info:    Redeclaring text symbol \textdaggerdbl (encoding TS1) o
n input line 134.
LaTeX Encoding Info:    Redeclaring text symbol \textbardbl (encoding TS1) on i
nput line 135.
LaTeX Encoding Info:    Redeclaring text symbol \textperthousand (encoding TS1)
 on input line 136.
LaTeX Encoding Info:    Redeclaring text symbol \textbullet (encoding TS1) on i
nput line 137.
LaTeX Encoding Info:    Redeclaring text symbol \textcelsius (encoding TS1) on 
input line 138.
LaTeX Encoding Info:    Redeclaring text symbol \textdollaroldstyle (encoding T
S1) on input line 139.
LaTeX Encoding Info:    Redeclaring text symbol \textcentoldstyle (encoding TS1
) on input line 140.
LaTeX Encoding Info:    Redeclaring text symbol \textflorin (encoding TS1) on i
nput line 141.
LaTeX Encoding Info:    Redeclaring text symbol \textcolonmonetary (encoding TS
1) on input line 142.
LaTeX Encoding Info:    Redeclaring text symbol \textwon (encoding TS1) on inpu
t line 143.
LaTeX Encoding Info:    Redeclaring text symbol \textnaira (encoding TS1) on in
put line 144.
LaTeX Encoding Info:    Redeclaring text symbol \textguarani (encoding TS1) on 
input line 145.
LaTeX Encoding Info:    Redeclaring text symbol \textpeso (encoding TS1) on inp
ut line 146.
LaTeX Encoding Info:    Redeclaring text symbol \textlira (encoding TS1) on inp
ut line 147.
LaTeX Encoding Info:    Redeclaring text symbol \textrecipe (encoding TS1) on i
nput line 148.
LaTeX Encoding Info:    Redeclaring text symbol \textinterrobang (encoding TS1)
 on input line 149.
LaTeX Encoding Info:    Redeclaring text symbol \textinterrobangdown (encoding 
TS1) on input line 150.
LaTeX Encoding Info:    Redeclaring text symbol \textdong (encoding TS1) on inp
ut line 151.
LaTeX Encoding Info:    Redeclaring text symbol \texttrademark (encoding TS1) o
n input line 152.
LaTeX Encoding Info:    Redeclaring text symbol \textpertenthousand (encoding T
S1) on input line 153.
LaTeX Encoding Info:    Redeclaring text symbol \textpilcrow (encoding TS1) on 
input line 154.
LaTeX Encoding Info:    Redeclaring text symbol \textbaht (encoding TS1) on inp
ut line 155.
LaTeX Encoding Info:    Redeclaring text symbol \textnumero (encoding TS1) on i
nput line 156.
LaTeX Encoding Info:    Redeclaring text symbol \textdiscount (encoding TS1) on
 input line 157.
LaTeX Encoding Info:    Redeclaring text symbol \textestimated (encoding TS1) o
n input line 158.
LaTeX Encoding Info:    Redeclaring text symbol \textopenbullet (encoding TS1) 
on input line 159.
LaTeX Encoding Info:    Redeclaring text symbol \textservicemark (encoding TS1)
 on input line 160.
LaTeX Encoding Info:    Redeclaring text symbol \textlquill (encoding TS1) on i
nput line 161.
LaTeX Encoding Info:    Redeclaring text symbol \textrquill (encoding TS1) on i
nput line 162.
LaTeX Encoding Info:    Redeclaring text symbol \textcent (encoding TS1) on inp
ut line 163.
LaTeX Encoding Info:    Redeclaring text symbol \textsterling (encoding TS1) on
 input line 164.
LaTeX Encoding Info:    Redeclaring text symbol \textcurrency (encoding TS1) on
 input line 165.
LaTeX Encoding Info:    Redeclaring text symbol \textyen (encoding TS1) on inpu
t line 166.
LaTeX Encoding Info:    Redeclaring text symbol \textbrokenbar (encoding TS1) o
n input line 167.
LaTeX Encoding Info:    Redeclaring text symbol \textsection (encoding TS1) on 
input line 168.
LaTeX Encoding Info:    Redeclaring text symbol \textasciidieresis (encoding TS
1) on input line 169.
LaTeX Encoding Info:    Redeclaring text symbol \textcopyright (encoding TS1) o
n input line 170.
LaTeX Encoding Info:    Redeclaring text symbol \textordfeminine (encoding TS1)
 on input line 171.
LaTeX Encoding Info:    Redeclaring text symbol \textcopyleft (encoding TS1) on
 input line 172.
LaTeX Encoding Info:    Redeclaring text symbol \textlnot (encoding TS1) on inp
ut line 173.
LaTeX Encoding Info:    Redeclaring text symbol \textcircledP (encoding TS1) on
 input line 174.
LaTeX Encoding Info:    Redeclaring text symbol \textregistered (encoding TS1) 
on input line 175.
LaTeX Encoding Info:    Redeclaring text symbol \textasciimacron (encoding TS1)
 on input line 176.
LaTeX Encoding Info:    Redeclaring text symbol \textdegree (encoding TS1) on i
nput line 177.
LaTeX Encoding Info:    Redeclaring text symbol \textpm (encoding TS1) on input
 line 178.
LaTeX Encoding Info:    Redeclaring text symbol \texttwosuperior (encoding TS1)
 on input line 179.
LaTeX Encoding Info:    Redeclaring text symbol \textthreesuperior (encoding TS
1) on input line 180.
LaTeX Encoding Info:    Redeclaring text symbol \textasciiacute (encoding TS1) 
on input line 181.
LaTeX Encoding Info:    Redeclaring text symbol \textmu (encoding TS1) on input
 line 182.
LaTeX Encoding Info:    Redeclaring text symbol \textparagraph (encoding TS1) o
n input line 183.
LaTeX Encoding Info:    Redeclaring text symbol \textperiodcentered (encoding T
S1) on input line 184.
LaTeX Encoding Info:    Redeclaring text symbol \textreferencemark (encoding TS
1) on input line 185.
LaTeX Encoding Info:    Redeclaring text symbol \textonesuperior (encoding TS1)
 on input line 186.
LaTeX Encoding Info:    Redeclaring text symbol \textordmasculine (encoding TS1
) on input line 187.
LaTeX Encoding Info:    Redeclaring text symbol \textsurd (encoding TS1) on inp
ut line 188.
LaTeX Encoding Info:    Redeclaring text symbol \textonequarter (encoding TS1) 
on input line 189.
LaTeX Encoding Info:    Redeclaring text symbol \textonehalf (encoding TS1) on 
input line 190.
LaTeX Encoding Info:    Redeclaring text symbol \textthreequarters (encoding TS
1) on input line 191.
LaTeX Encoding Info:    Redeclaring text symbol \texteuro (encoding TS1) on inp
ut line 192.
LaTeX Encoding Info:    Redeclaring text symbol \texttimes (encoding TS1) on in
put line 193.
LaTeX Encoding Info:    Redeclaring text symbol \textdiv (encoding TS1) on inpu
t line 194.
)) (c:/texlive/2026/texmf-dist/tex/lualatex/lualatex-math/lualatex-math.sty
Package: lualatex-math 2022/01/01 v1.12 Patches for mathematics typesetting wit
h LuaLaTeX
(c:/texlive/2026/texmf-dist/tex/latex/etoolbox/etoolbox.sty
Package: etoolbox 2025/10/02 v2.5m e-TeX tools for LaTeX (JAW)
\etb@tempcnta=\count311
)
Lua module: lualatex-math 2013/08/03 v1.3 Patches for mathematics typesetting wi
th LuaLaTeX)
\g__um_fam_int=\count312
\g__um_fonts_used_int=\count313
\l__um_primecount_int=\count314
\g__um_primekern_muskip=\muskip18
(c:/texlive/2026/texmf-dist/tex/latex/unicode-math/unicode-math-table.tex))) (c
:/texlive/2026/texmf-dist/tex/latex/lm/lmodern.sty
Package: lmodern 2015/05/01 v1.6.1 Latin Modern Fonts
LaTeX Font Info:    Overwriting symbol font `operators' in version `normal'
(Font)                  OT1/cmr/m/n --> OT1/lmr/m/n on input line 22.
LaTeX Font Info:    Overwriting symbol font `letters' in version `normal'
(Font)                  OML/cmm/m/it --> OML/lmm/m/it on input line 23.
LaTeX Font Info:    Overwriting symbol font `symbols' in version `normal'
(Font)                  OMS/cmsy/m/n --> OMS/lmsy/m/n on input line 24.
LaTeX Font Info:    Overwriting symbol font `largesymbols' in version `normal'
(Font)                  OMX/cmex/m/n --> OMX/lmex/m/n on input line 25.
LaTeX Font Info:    Overwriting symbol font `operators' in version `bold'
(Font)                  OT1/cmr/bx/n --> OT1/lmr/bx/n on input line 26.
LaTeX Font Info:    Overwriting symbol font `letters' in version `bold'
(Font)                  OML/cmm/b/it --> OML/lmm/b/it on input line 27.
LaTeX Font Info:    Overwriting symbol font `symbols' in version `bold'
(Font)                  OMS/cmsy/b/n --> OMS/lmsy/b/n on input line 28.
LaTeX Font Info:    Overwriting symbol font `largesymbols' in version `bold'
(Font)                  OMX/cmex/m/n --> OMX/lmex/m/n on input line 29.
LaTeX Font Info:    Overwriting math alphabet `\mathbf' in version `normal'
(Font)                  OT1/cmr/bx/n --> OT1/lmr/bx/n on input line 31.
LaTeX Font Info:    Overwriting math alphabet `\mathsf' in version `normal'
(Font)                  OT1/cmss/m/n --> OT1/lmss/m/n on input line 32.
LaTeX Font Info:    Overwriting math alphabet `\mathit' in version `normal'
(Font)                  OT1/cmr/m/it --> OT1/lmr/m/it on input line 33.
LaTeX Font Info:    Overwriting math alphabet `\mathtt' in version `normal'
(Font)                  OT1/cmtt/m/n --> OT1/lmtt/m/n on input line 34.
LaTeX Font Info:    Overwriting math alphabet `\mathbf' in version `bold'
(Font)                  OT1/cmr/bx/n --> OT1/lmr/bx/n on input line 35.
LaTeX Font Info:    Overwriting math alphabet `\mathsf' in version `bold'
(Font)                  OT1/cmss/bx/n --> OT1/lmss/bx/n on input line 36.
LaTeX Font Info:    Overwriting math alphabet `\mathit' in version `bold'
(Font)                  OT1/cmr/bx/it --> OT1/lmr/bx/it on input line 37.
LaTeX Font Info:    Overwriting math alphabet `\mathtt' in version `bold'
(Font)                  OT1/cmtt/m/n --> OT1/lmtt/m/n on input line 38.
) (c:/texlive/2026/texmf-dist/tex/latex/upquote/upquote.sty
Package: upquote 2012/04/19 v1.3 upright-quote and grave-accent glyphs in verba
tim
(c:/texlive/2026/texmf-dist/tex/latex/base/textcomp.sty
Package: textcomp 2024/04/24 v2.1b Standard LaTeX package
)) (c:/texlive/2026/texmf-dist/tex/latex/microtype/microtype.sty
Package: microtype 2026/03/01 v3.2d Micro-typographical refinements (RS)
\MT@toks=\toks24
\MT@tempbox=\box57
\MT@count=\count315
LaTeX Info: Redefining \noprotrusionifhmode on input line 1084.
LaTeX Info: Redefining \leftprotrusion on input line 1085.
\MT@prot@toks=\toks25
LaTeX Info: Redefining \rightprotrusion on input line 1104.
LaTeX Info: Redefining \textls on input line 1449.
\MT@outer@kern=\dimen170
LaTeX Info: Redefining \microtypecontext on input line 2053.
LaTeX Info: Redefining \textmicrotypecontext on input line 2070.
\MT@listname@count=\count316
(c:/texlive/2026/texmf-dist/tex/latex/microtype/microtype-luatex.def
File: microtype-luatex.def 2026/03/01 v3.2d Definitions specific to luatex (RS)

Lua module: microtype 2026/03/01 v3.2d microtype module.
Module microtype Info: overwriting function `keepligature' on input line 63
LaTeX Info: Redefining \lsstyle on input line 779.
LaTeX Info: Redefining \lslig on input line 779.
\MT@outer@space=\skip69
)
Package microtype Info: Loading configuration file microtype.cfg.
(c:/texlive/2026/texmf-dist/tex/latex/microtype/microtype.cfg
File: microtype.cfg 2026/03/01 v3.2d microtype main configuration file (RS)
)
LaTeX Info: Redefining \microtypesetup on input line 3065.
) (c:/texlive/2026/texmf-dist/tex/latex/fancyvrb/fancyvrb.sty
Package: fancyvrb 2026/04/16 4.6a verbatim text (tvz,hv)
\FV@CodeLineNo=\count317
\FV@InFile=\read2
\FV@TabBox=\box58
\c@FancyVerbLine=\count318
\FV@StepNumber=\count319
\FV@OutFile=\write3
) (c:/texlive/2026/texmf-dist/tex/latex/framed/framed.sty
Package: framed 2011/10/22 v 0.96: framed or shaded text with page breaks
\OuterFrameSep=\skip70
\fb@frw=\dimen171
\fb@frh=\dimen172
\FrameRule=\dimen173
\FrameSep=\dimen174
) (c:/texlive/2026/texmf-dist/tex/latex/tools/longtable.sty
Package: longtable 2026-01-28 v4.27 Multi-page Table package (DPC)
\LTleft=\skip71
\LTright=\skip72
\LTpre=\skip73
\LTpost=\skip74
\LTchunksize=\count320
\LTcapwidth=\dimen175
\LT@head=\box59
\LT@firsthead=\box60
\LT@foot=\box61
\LT@lastfoot=\box62
\LT@gbox=\box63
\LT@cols=\count321
\LT@rows=\count322
\c@LT@tables=\count323
\c@LT@chunks=\count324
\LT@p@ftn=\toks26
)
Class scrreprt Info: longtable captions redefined on input line 112.
(c:/texlive/2026/texmf-dist/tex/latex/booktabs/booktabs.sty
Package: booktabs 2020/01/12 v1.61803398 Publication quality tables
\heavyrulewidth=\dimen176
\lightrulewidth=\dimen177
\cmidrulewidth=\dimen178
\belowrulesep=\dimen179
\belowbottomsep=\dimen180
\aboverulesep=\dimen181
\abovetopsep=\dimen182
\cmidrulesep=\dimen183
\cmidrulekern=\dimen184
\defaultaddspace=\dimen185
\@cmidla=\count325
\@cmidlb=\count326
\@aboverulesep=\dimen186
\@belowrulesep=\dimen187
\@thisruleclass=\count327
\@lastruleclass=\count328
\@thisrulewidth=\dimen188
) (c:/texlive/2026/texmf-dist/tex/latex/tools/array.sty
Package: array 2026/02/24 v2.7b Tabular extension package (FMi)
\col@sep=\dimen189
\ar@mcellbox=\box64
\extrarowheight=\dimen190
\NC@list=\toks27
\extratabsurround=\skip75
\backup@length=\skip76
\ar@cellbox=\box65
)
\c@none=\count329
(c:/texlive/2026/texmf-dist/tex/latex/tools/calc.sty
Package: calc 2025/03/01 v4.3b Infix arithmetic (KKT,FJ)
\calc@Acount=\count330
\calc@Bcount=\count331
\calc@Adimen=\dimen191
\calc@Bdimen=\dimen192
\calc@Askip=\skip77
\calc@Bskip=\skip78
LaTeX Info: Redefining \setlength on input line 86.
LaTeX Info: Redefining \addtolength on input line 87.
\calc@Ccount=\count332
\calc@Cskip=\skip79
) (c:/texlive/2026/texmf-dist/tex/latex/footnotehyper/footnotehyper.sty
Package: footnotehyper 2025/11/15 v1.1f hyperref aware footnote.sty (JFB)
\FNH@notes=\box66
\FNH@width=\dimen193
\FNH@toks=\toks28
) (c:/texlive/2026/texmf-dist/tex/latex/graphics/graphicx.sty
Package: graphicx 2026-05-17 v1.2e Enhanced LaTeX Graphics (DPC,SPQR)
(c:/texlive/2026/texmf-dist/tex/latex/graphics/graphics.sty
Package: graphics 2026-05-17 v1.4h Standard LaTeX Graphics (DPC,SPQR)
(c:/texlive/2026/texmf-dist/tex/latex/graphics/trig.sty
Package: trig 2023/12/02 v1.11 sin cos tan (DPC)
) (c:/texlive/2026/texmf-dist/tex/latex/graphics-cfg/graphics.cfg
File: graphics.cfg 2016/06/04 v1.11 sample graphics configuration
)
Package graphics Info: Driver file: luatex.def on input line 106.
)
\Gin@req@height=\dimen194
\Gin@req@width=\dimen195
)
\pandoc@box=\box67
(c:/texlive/2026/texmf-dist/tex/latex/luacolor/luacolor.sty
Package: luacolor 2023-08-18 v1.18 Color support via LuaTeX's attributes (HO)
Inserting `luacolor.process' in `pre_shipout_filter'.
\LuaCol@Attribute=\attribute4
) (c:/texlive/2026/texmf-dist/tex/lualatex/lua-ul/lua-ul.sty
Package: lua-ul 2024-02-26 v0.2.1 Underlining and related functionality for Lua
TeX
Lua function luaul.restore_everyhbox = 31
Lua function luaul.new_underline_type = 32
Lua function luaul.set_underline_func = 33
Lua function luaul.reset_underline_func = 34
Module luatexbase Info: Uninstalling kernel luatexbase code on input line 36
Inserting `add underlines to list' in `pre_append_to_vlist_filter'.
Inserting `add underlines to list' in `hpack_filter'.
Inserting `add underlines to list' in `vpack_filter'.
Lua function sw@slant = 35
\l__luaul_top_dim=\dimen196
\l__luaul_bottom_dim=\dimen197
\l__luaul_height_dim=\dimen198
)
\cslhangindent=\skip80
\csllabelwidth=\skip81
(c:/texlive/2026/texmf-dist/tex/latex/physics/physics.sty
Package: physics 
) (c:/texlive/2026/texmf-dist/tex/latex/braket/braket.sty) (c:/texlive/2026/tex
mf-dist/tex/latex/tcolorbox/tcolorbox.sty
Package: tcolorbox 2026/05/28 version 6.10.0 text color boxes
(c:/texlive/2026/texmf-dist/tex/latex/pgf/frontendlayer/tikz.sty (c:/texlive/20
26/texmf-dist/tex/latex/pgf/basiclayer/pgf.sty (c:/texlive/2026/texmf-dist/tex/
latex/pgf/utilities/pgfrcs.sty (c:/texlive/2026/texmf-dist/tex/generic/pgf/util
ities/pgfutil-common.tex
\pgfutil@everybye=\toks29
\pgfutil@tempdima=\dimen199
\pgfutil@tempdimb=\dimen256
) (c:/texlive/2026/texmf-dist/tex/generic/pgf/utilities/pgfutil-latex.def
\pgfutil@abb=\box68
) (c:/texlive/2026/texmf-dist/tex/generic/pgf/utilities/pgfrcs.code.tex (c:/tex
live/2026/texmf-dist/tex/generic/pgf/pgf.revision.tex)
Package: pgfrcs 2025-08-29 v3.1.11a (3.1.11a)
))
Package: pgf 2025-08-29 v3.1.11a (3.1.11a)
(c:/texlive/2026/texmf-dist/tex/latex/pgf/basiclayer/pgfcore.sty (c:/texlive/20
26/texmf-dist/tex/latex/pgf/systemlayer/pgfsys.sty (c:/texlive/2026/texmf-dist/
tex/generic/pgf/systemlayer/pgfsys.code.tex
Package: pgfsys 2025-08-29 v3.1.11a (3.1.11a)
(c:/texlive/2026/texmf-dist/tex/generic/pgf/utilities/pgfkeys.code.tex
\pgfkeys@pathtoks=\toks30
\pgfkeys@temptoks=\toks31

(c:/texlive/2026/texmf-dist/tex/generic/pgf/utilities/pgfkeyslibraryfiltered.co
de.tex
\pgfkeys@tmptoks=\toks32
))
\pgf@x=\dimen257
\pgf@y=\dimen258
\pgf@xa=\dimen259
\pgf@ya=\dimen260
\pgf@xb=\dimen261
\pgf@yb=\dimen262
\pgf@xc=\dimen263
\pgf@yc=\dimen264
\pgf@xd=\dimen265
\pgf@yd=\dimen266
\w@pgf@writea=\write4
\r@pgf@reada=\read3
\c@pgf@counta=\count333
\c@pgf@countb=\count334
\c@pgf@countc=\count335
\c@pgf@countd=\count336
\t@pgf@toka=\toks33
\t@pgf@tokb=\toks34
\t@pgf@tokc=\toks35
\pgf@sys@id@count=\count337
(c:/texlive/2026/texmf-dist/tex/generic/pgf/systemlayer/pgf.cfg
File: pgf.cfg 2025-08-29 v3.1.11a (3.1.11a)
)
Driver file for pgf: pgfsys-luatex.def
(c:/texlive/2026/texmf-dist/tex/generic/pgf/systemlayer/pgfsys-luatex.def
File: pgfsys-luatex.def 2025-08-29 v3.1.11a (3.1.11a)
(c:/texlive/2026/texmf-dist/tex/generic/pgf/systemlayer/pgfsys-common-pdf.def
File: pgfsys-common-pdf.def 2025-08-29 v3.1.11a (3.1.11a)
)))
(c:/texlive/2026/texmf-dist/tex/generic/pgf/systemlayer/pgfsyssoftpath.code.tex
File: pgfsyssoftpath.code.tex 2025-08-29 v3.1.11a (3.1.11a)
\pgfsyssoftpath@smallbuffer@items=\count338
\pgfsyssoftpath@bigbuffer@items=\count339
)
(c:/texlive/2026/texmf-dist/tex/generic/pgf/systemlayer/pgfsysprotocol.code.tex
File: pgfsysprotocol.code.tex 2025-08-29 v3.1.11a (3.1.11a)
)) (c:/texlive/2026/texmf-dist/tex/generic/pgf/basiclayer/pgfcore.code.tex
Package: pgfcore 2025-08-29 v3.1.11a (3.1.11a)
(c:/texlive/2026/texmf-dist/tex/generic/pgf/math/pgfmath.code.tex (c:/texlive/2
026/texmf-dist/tex/generic/pgf/math/pgfmathutil.code.tex) (c:/texlive/2026/texm
f-dist/tex/generic/pgf/math/pgfmathparser.code.tex
\pgfmath@dimen=\dimen267
\pgfmath@count=\count340
\pgfmath@box=\box69
\pgfmath@toks=\toks36
\pgfmath@stack@operand=\toks37
\pgfmath@stack@operation=\toks38
) (c:/texlive/2026/texmf-dist/tex/generic/pgf/math/pgfmathfunctions.code.tex)
(c:/texlive/2026/texmf-dist/tex/generic/pgf/math/pgfmathfunctions.basic.code.te
x)
(c:/texlive/2026/texmf-dist/tex/generic/pgf/math/pgfmathfunctions.trigonometric
.code.tex)
(c:/texlive/2026/texmf-dist/tex/generic/pgf/math/pgfmathfunctions.random.code.t
ex)
(c:/texlive/2026/texmf-dist/tex/generic/pgf/math/pgfmathfunctions.comparison.co
de.tex)
(c:/texlive/2026/texmf-dist/tex/generic/pgf/math/pgfmathfunctions.base.code.tex
)
(c:/texlive/2026/texmf-dist/tex/generic/pgf/math/pgfmathfunctions.round.code.te
x)
(c:/texlive/2026/texmf-dist/tex/generic/pgf/math/pgfmathfunctions.misc.code.tex
)
(c:/texlive/2026/texmf-dist/tex/generic/pgf/math/pgfmathfunctions.integerarithm
etics.code.tex) (c:/texlive/2026/texmf-dist/tex/generic/pgf/math/pgfmathcalc.co
de.tex) (c:/texlive/2026/texmf-dist/tex/generic/pgf/math/pgfmathfloat.code.tex
\c@pgfmathroundto@lastzeros=\count341
)) (c:/texlive/2026/texmf-dist/tex/generic/pgf/math/pgfint.code.tex) (c:/texliv
e/2026/texmf-dist/tex/generic/pgf/basiclayer/pgfcorepoints.code.tex
File: pgfcorepoints.code.tex 2025-08-29 v3.1.11a (3.1.11a)
\pgf@picminx=\dimen268
\pgf@picmaxx=\dimen269
\pgf@picminy=\dimen270
\pgf@picmaxy=\dimen271
\pgf@pathminx=\dimen272
\pgf@pathmaxx=\dimen273
\pgf@pathminy=\dimen274
\pgf@pathmaxy=\dimen275
\pgf@xx=\dimen276
\pgf@xy=\dimen277
\pgf@yx=\dimen278
\pgf@yy=\dimen279
\pgf@zx=\dimen280
\pgf@zy=\dimen281
)
(c:/texlive/2026/texmf-dist/tex/generic/pgf/basiclayer/pgfcorepathconstruct.cod
e.tex
File: pgfcorepathconstruct.code.tex 2025-08-29 v3.1.11a (3.1.11a)
\pgf@path@lastx=\dimen282
\pgf@path@lasty=\dimen283
)
(c:/texlive/2026/texmf-dist/tex/generic/pgf/basiclayer/pgfcorepathusage.code.te
x
File: pgfcorepathusage.code.tex 2025-08-29 v3.1.11a (3.1.11a)
\pgf@shorten@end@additional=\dimen284
\pgf@shorten@start@additional=\dimen285
) (c:/texlive/2026/texmf-dist/tex/generic/pgf/basiclayer/pgfcorescopes.code.tex
File: pgfcorescopes.code.tex 2025-08-29 v3.1.11a (3.1.11a)
\pgfpic=\box70
\pgf@hbox=\box71
\pgf@layerbox@main=\box72
\pgf@picture@serial@count=\count342
)
(c:/texlive/2026/texmf-dist/tex/generic/pgf/basiclayer/pgfcoregraphicstate.code
.tex
File: pgfcoregraphicstate.code.tex 2025-08-29 v3.1.11a (3.1.11a)
\pgflinewidth=\dimen286
)
(c:/texlive/2026/texmf-dist/tex/generic/pgf/basiclayer/pgfcoretransformations.c
ode.tex
File: pgfcoretransformations.code.tex 2025-08-29 v3.1.11a (3.1.11a)
\pgf@pt@x=\dimen287
\pgf@pt@y=\dimen288
\pgf@pt@temp=\dimen289
) (c:/texlive/2026/texmf-dist/tex/generic/pgf/basiclayer/pgfcorequick.code.tex
File: pgfcorequick.code.tex 2025-08-29 v3.1.11a (3.1.11a)
) (c:/texlive/2026/texmf-dist/tex/generic/pgf/basiclayer/pgfcoreobjects.code.te
x
File: pgfcoreobjects.code.tex 2025-08-29 v3.1.11a (3.1.11a)
)
(c:/texlive/2026/texmf-dist/tex/generic/pgf/basiclayer/pgfcorepathprocessing.co
de.tex
File: pgfcorepathprocessing.code.tex 2025-08-29 v3.1.11a (3.1.11a)
) (c:/texlive/2026/texmf-dist/tex/generic/pgf/basiclayer/pgfcorearrows.code.tex
File: pgfcorearrows.code.tex 2025-08-29 v3.1.11a (3.1.11a)
\pgfarrowsep=\dimen290
) (c:/texlive/2026/texmf-dist/tex/generic/pgf/basiclayer/pgfcoreshade.code.tex
File: pgfcoreshade.code.tex 2025-08-29 v3.1.11a (3.1.11a)
\pgf@max=\dimen291
\pgf@sys@shading@range@num=\count343
\pgf@shadingcount=\count344
) (c:/texlive/2026/texmf-dist/tex/generic/pgf/basiclayer/pgfcoreimage.code.tex
File: pgfcoreimage.code.tex 2025-08-29 v3.1.11a (3.1.11a)
)
(c:/texlive/2026/texmf-dist/tex/generic/pgf/basiclayer/pgfcoreexternal.code.tex
File: pgfcoreexternal.code.tex 2025-08-29 v3.1.11a (3.1.11a)
\pgfexternal@startupbox=\box73
) (c:/texlive/2026/texmf-dist/tex/generic/pgf/basiclayer/pgfcorelayers.code.tex
File: pgfcorelayers.code.tex 2025-08-29 v3.1.11a (3.1.11a)
)
(c:/texlive/2026/texmf-dist/tex/generic/pgf/basiclayer/pgfcoretransparency.code
.tex
File: pgfcoretransparency.code.tex 2025-08-29 v3.1.11a (3.1.11a)
)
(c:/texlive/2026/texmf-dist/tex/generic/pgf/basiclayer/pgfcorepatterns.code.tex
File: pgfcorepatterns.code.tex 2025-08-29 v3.1.11a (3.1.11a)
) (c:/texlive/2026/texmf-dist/tex/generic/pgf/basiclayer/pgfcorerdf.code.tex
File: pgfcorerdf.code.tex 2025-08-29 v3.1.11a (3.1.11a)
))) (c:/texlive/2026/texmf-dist/tex/generic/pgf/modules/pgfmoduleshapes.code.te
x
File: pgfmoduleshapes.code.tex 2025-08-29 v3.1.11a (3.1.11a)
\pgfnodeparttextbox=\box74
) (c:/texlive/2026/texmf-dist/tex/generic/pgf/modules/pgfmoduleplot.code.tex
File: pgfmoduleplot.code.tex 2025-08-29 v3.1.11a (3.1.11a)
)
(c:/texlive/2026/texmf-dist/tex/latex/pgf/compatibility/pgfcomp-version-0-65.st
y
Package: pgfcomp-version-0-65 2025-08-29 v3.1.11a (3.1.11a)
\pgf@nodesepstart=\dimen292
\pgf@nodesepend=\dimen293
)
(c:/texlive/2026/texmf-dist/tex/latex/pgf/compatibility/pgfcomp-version-1-18.st
y
Package: pgfcomp-version-1-18 2025-08-29 v3.1.11a (3.1.11a)
)) (c:/texlive/2026/texmf-dist/tex/latex/pgf/utilities/pgffor.sty (c:/texlive/2
026/texmf-dist/tex/latex/pgf/utilities/pgfkeys.sty (c:/texlive/2026/texmf-dist/
tex/generic/pgf/utilities/pgfkeys.code.tex)) (c:/texlive/2026/texmf-dist/tex/la
tex/pgf/math/pgfmath.sty (c:/texlive/2026/texmf-dist/tex/generic/pgf/math/pgfma
th.code.tex)) (c:/texlive/2026/texmf-dist/tex/generic/pgf/utilities/pgffor.code
.tex
Package: pgffor 2025-08-29 v3.1.11a (3.1.11a)
\pgffor@iter=\dimen294
\pgffor@skip=\dimen295
\pgffor@stack=\toks39
\pgffor@toks=\toks40
)) (c:/texlive/2026/texmf-dist/tex/generic/pgf/frontendlayer/tikz/tikz.code.tex
Package: tikz 2025-08-29 v3.1.11a (3.1.11a)

(c:/texlive/2026/texmf-dist/tex/generic/pgf/libraries/pgflibraryplothandlers.co
de.tex
File: pgflibraryplothandlers.code.tex 2025-08-29 v3.1.11a (3.1.11a)
\pgf@plot@mark@count=\count345
\pgfplotmarksize=\dimen296
)
\tikz@lastx=\dimen297
\tikz@lasty=\dimen298
\tikz@lastxsaved=\dimen299
\tikz@lastysaved=\dimen300
\tikz@lastmovetox=\dimen301
\tikz@lastmovetoy=\dimen302
\tikzleveldistance=\dimen303
\tikzsiblingdistance=\dimen304
\tikz@figbox=\box75
\tikz@figbox@bg=\box76
\tikz@tempbox=\box77
\tikz@tempbox@bg=\box78
\tikztreelevel=\count346
\tikznumberofchildren=\count347
\tikznumberofcurrentchild=\count348
\tikz@fig@count=\count349
(c:/texlive/2026/texmf-dist/tex/generic/pgf/modules/pgfmodulematrix.code.tex
File: pgfmodulematrix.code.tex 2025-08-29 v3.1.11a (3.1.11a)
\pgfmatrixcurrentrow=\count350
\pgfmatrixcurrentcolumn=\count351
\pgf@matrix@numberofcolumns=\count352
)
\tikz@expandcount=\count353

(c:/texlive/2026/texmf-dist/tex/generic/pgf/frontendlayer/tikz/libraries/tikzli
brarytopaths.code.tex
File: tikzlibrarytopaths.code.tex 2025-08-29 v3.1.11a (3.1.11a)
))) (c:/texlive/2026/texmf-dist/tex/latex/tools/verbatim.sty
Package: verbatim 2024-01-22 v1.5x LaTeX2e package for verbatim enhancements
\every@verbatim=\toks41
\verbatim@line=\toks42
\verbatim@in@stream=\read4
) (c:/texlive/2026/texmf-dist/tex/latex/environ/environ.sty
Package: environ 2014/05/04 v0.3 A new way to define environments
(c:/texlive/2026/texmf-dist/tex/latex/trimspaces/trimspaces.sty
Package: trimspaces 2009/09/17 v1.1 Trim spaces around a token list
))
\tcb@titlebox=\box79
\tcb@upperbox=\box80
\tcb@lowerbox=\box81
\tcb@phantombox=\box82
\c@tcbbreakpart=\count354
\c@tcblayer=\count355
\c@tcolorbox@number=\count356
\l__tcobox_tmpa_box=\box83
\l__tcobox_tmpa_dim=\dimen305
\tcb@temp=\box84
\tcb@temp=\box85
\tcb@temp=\box86
\tcb@temp=\box87
(c:/texlive/2026/texmf-dist/tex/latex/tcolorbox/tcbskins.code.tex
Library (tcolorbox): 'tcbskins.code.tex' version '6.10.0'
(c:/texlive/2026/texmf-dist/tex/latex/tikzfill/tikzfill.image.sty
Package: tikzfill.image 2026/04/23 v1.2.0 Image filling library for TikZ
(c:/texlive/2026/texmf-dist/tex/latex/tikzfill/tikzlibraryfill.image.code.tex
File: tikzlibraryfill.image.code.tex 2026/04/23 v1.2.0 Image filling library
\l__tikzfill_tmpa_dim=\dimen306
\l__tikzfill_tmpb_dim=\dimen307
\l__tikzfill_img_box=\box88
)) (c:/texlive/2026/texmf-dist/tex/latex/tcolorbox/tcbskinsjigsaw.code.tex
Library (tcolorbox): 'tcbskinsjigsaw.code.tex' version '6.10.0'
)) (c:/texlive/2026/texmf-dist/tex/latex/tcolorbox/tcbbreakable.code.tex
Library (tcolorbox): 'tcbbreakable.code.tex' version '6.10.0'
(c:/texlive/2026/texmf-dist/tex/latex/pdfcol/pdfcol.sty
Package: pdfcol 2026-06-20 v1.8 Handle new color stacks for pdfTeX (HO)
(c:/texlive/2026/texmf-dist/tex/generic/ltxcmds/ltxcmds.sty
Package: ltxcmds 2023-12-04 v1.26 LaTeX kernel commands for general use (HO)
) (c:/texlive/2026/texmf-dist/tex/generic/infwarerr/infwarerr.sty
Package: infwarerr 2019/12/03 v1.5 Providing info/warning/error messages (HO)
)
Package pdfcol Info: Interface disabled because of package `luacolor'.
)
Package pdfcol Info: pdfTeX's color stacks are not available.
\tcb@testbox=\box89
\tcb@totalupperbox=\box90
\tcb@totallowerbox=\box91
(c:/texlive/2026/texmf-dist/tex/generic/iftex/ifluatex.sty
Package: ifluatex 2019/10/25 v1.5 ifluatex legacy package. Use iftex instead.
))) (c:/texlive/2026/texmf-dist/tex/latex/fontawesome5/fontawesome5.sty
Package: fontawesome5 2022/05/02 v5.15.4 Font Awesome 5

(c:/texlive/2026/texmf-dist/tex/latex/fontawesome5/fontawesome5-utex-helper.sty
Package: fontawesome5-utex-helper 2022/05/02 v5.15.4 uTeX helper for fontawesom
e5
(c:/texlive/2026/texmf-dist/tex/luatex/luatexbase/luatexbase.sty
Package: luatexbase 2015/10/04 v1.3 luatexbase interface to LuaTeX 
(c:/texlive/2026/texmf-dist/tex/luatex/ctablestack/ctablestack.sty
Package: ctablestack 2015/10/01 v1.0 Catcode table stable support
\@catcodetablestackcnt=\count357
)
\CatcodeTableOther=\catcodetable15
\CatcodeTableExpl=\catcodetable16
)
LaTeX Font Info:    Trying to load font information for TU+fontawesomefree on i
nput line 69.
(c:/texlive/2026/texmf-dist/tex/latex/fontawesome5/tufontawesomefree.fd)
LaTeX Font Info:    Trying to load font information for TU+fontawesomebrands on
 input line 70.
(c:/texlive/2026/texmf-dist/tex/latex/fontawesome5/tufontawesomebrands.fd))) (c
:/texlive/2026/texmf-dist/tex/latex/bookmark/bookmark.sty
Package: bookmark 2026-05-21 v1.32 PDF bookmarks (HO)
(c:/texlive/2026/texmf-dist/tex/latex/hyperref/hyperref.sty
Package: hyperref 2026-06-17 v7.01r Hypertext links for LaTeX
(c:/texlive/2026/texmf-dist/tex/latex/kvsetkeys/kvsetkeys.sty
Package: kvsetkeys 2022-10-05 v1.19 Key value parser (HO)
) (c:/texlive/2026/texmf-dist/tex/generic/kvdefinekeys/kvdefinekeys.sty
Package: kvdefinekeys 2019-12-19 v1.6 Define keys (HO)
) (c:/texlive/2026/texmf-dist/tex/generic/pdfescape/pdfescape.sty
Package: pdfescape 2019/12/09 v1.15 Implements pdfTeX's escape features (HO)
(c:/texlive/2026/texmf-dist/tex/generic/pdftexcmds/pdftexcmds.sty
Package: pdftexcmds 2020-06-27 v0.33 Utility functions of pdfTeX for LuaTeX (HO
)
Package pdftexcmds Info: \pdf@primitive is available.
Package pdftexcmds Info: \pdf@ifprimitive is available.
Package pdftexcmds Info: \pdfdraftmode found.
\pdftexcmds@toks=\toks43
)) (c:/texlive/2026/texmf-dist/tex/latex/hycolor/hycolor.sty
Package: hycolor 2020-01-27 v1.10 Color options for hyperref/bookmark (HO)
) (c:/texlive/2026/texmf-dist/tex/latex/hyperref/nameref.sty
Package: nameref 2026-01-29 v2.58 Cross-referencing by name of section
(c:/texlive/2026/texmf-dist/tex/latex/refcount/refcount.sty
Package: refcount 2019/12/15 v3.6 Data extraction from label references (HO)
) (c:/texlive/2026/texmf-dist/tex/generic/gettitlestring/gettitlestring.sty
Package: gettitlestring 2019/12/15 v1.6 Cleanup title references (HO)
(c:/texlive/2026/texmf-dist/tex/latex/kvoptions/kvoptions.sty
Package: kvoptions 2022-06-15 v3.15 Key value format for package options (HO)
))
\c@section@level=\count358
) (c:/texlive/2026/texmf-dist/tex/generic/stringenc/stringenc.sty
Package: stringenc 2019/11/29 v1.12 Convert strings between diff. encodings (HO
)
)
\@linkdim=\dimen308
\Hy@linkcounter=\count359
\Hy@pagecounter=\count360
(c:/texlive/2026/texmf-dist/tex/latex/hyperref/pd1enc.def
File: pd1enc.def 2026-06-17 v7.01r Hyperref: PDFDocEncoding definition (HO)
) (c:/texlive/2026/texmf-dist/tex/generic/intcalc/intcalc.sty
Package: intcalc 2019/12/15 v1.3 Expandable calculations with integers (HO)
)
\Hy@SavedSpaceFactor=\count361
(c:/texlive/2026/texmf-dist/tex/latex/hyperref/puenc.def
File: puenc.def 2026-06-17 v7.01r Hyperref: PDF Unicode definition (HO)
)
Package hyperref Info: Option `unicode' set `true' on input line 4070.
Package hyperref Info: Hyper figures OFF on input line 4199.
Package hyperref Info: Link nesting OFF on input line 4204.
Package hyperref Info: Hyper index ON on input line 4207.
Package hyperref Info: Plain pages OFF on input line 4214.
Package hyperref Info: Backreferencing OFF on input line 4219.
Package hyperref Info: Implicit mode ON; LaTeX internals redefined.
Package hyperref Info: Bookmarks ON on input line 4466.
\c@Hy@tempcnt=\count362
(c:/texlive/2026/texmf-dist/tex/latex/url/url.sty
\Urlmuskip=\muskip19
Package: url 2013/09/16  ver 3.4  Verb mode for urls, etc.
)
LaTeX Info: Redefining \url on input line 4805.
\XeTeXLinkMargin=\dimen309
(c:/texlive/2026/texmf-dist/tex/generic/bitset/bitset.sty
Package: bitset 2019/12/09 v1.3 Handle bit-vector datatype (HO)
(c:/texlive/2026/texmf-dist/tex/generic/bigintcalc/bigintcalc.sty
Package: bigintcalc 2019/12/15 v1.5 Expandable calculations on big integers (HO
)
))
\Fld@menulength=\count363
\Field@Width=\dimen310
\Fld@charsize=\dimen311
Package hyperref Info: Hyper figures OFF on input line 6091.
Package hyperref Info: Link nesting OFF on input line 6096.
Package hyperref Info: Hyper index ON on input line 6099.
Package hyperref Info: backreferencing OFF on input line 6106.
Package hyperref Info: Link coloring OFF on input line 6111.
Package hyperref Info: Link coloring with OCG OFF on input line 6116.
Package hyperref Info: PDF/A mode OFF on input line 6121.
\Hy@abspage=\count364
\c@Item=\count365
\c@Hfootnote=\count366
)
Package hyperref Info: Driver (autodetected): hluatex.
(c:/texlive/2026/texmf-dist/tex/latex/hyperref/hluatex.def
File: hluatex.def 2026-06-17 v7.01r Hyperref driver for luaTeX
\Fld@listcount=\count367
\c@bookmark@seq@number=\count368
(c:/texlive/2026/texmf-dist/tex/latex/rerunfilecheck/rerunfilecheck.sty
Package: rerunfilecheck 2025-06-21 v1.11 Rerun checks for auxiliary files (HO)
(c:/texlive/2026/texmf-dist/tex/generic/uniquecounter/uniquecounter.sty
Package: uniquecounter 2019/12/15 v1.4 Provide unlimited unique counter (HO)
)
Package uniquecounter Info: New unique counter `rerunfilecheck' on input line 2
84.
)
\Hy@SectionHShift=\skip82
) (c:/texlive/2026/texmf-dist/tex/latex/bookmark/bkm-luatex.def
File: bkm-luatex.def 2026-05-21 v1.32 bookmark driver for luaTeX (HO)
\BKM@id=\count369
)) (c:/texlive/2026/texmf-dist/tex/latex/caption/caption.sty
Package: caption 2023/08/05 v3.6o Customizing captions (AR)

Package tocbasic Info: Loading of class-dependent code for package caption3
(tocbasic)             prevented on line 50.

(c:/texlive/2026/texmf-dist/tex/latex/caption/caption3.sty
Package: caption3 2023/07/31 v2.4d caption3 kernel (AR)
\caption@tempdima=\dimen312
\captionmargin=\dimen313
\caption@leftmargin=\dimen314
\caption@rightmargin=\dimen315
\caption@width=\dimen316
\caption@indent=\dimen317
\caption@parindent=\dimen318
\caption@hangindent=\dimen319
)
\c@caption@flags=\count370
\c@continuedfloat=\count371
Package caption Info: hyperref package is loaded.
Package caption Info: longtable package is loaded.
(c:/texlive/2026/texmf-dist/tex/latex/caption/ltcaption.sty
Package: ltcaption 2021/01/08 v1.4c longtable captions (AR)
)) (c:/texlive/2026/texmf-dist/tex/latex/float/float.sty
Package: float 2001/11/08 v1.3d Float enhancements (AL)
\c@float@type=\count372
\float@exts=\toks44
\float@box=\box92
\@float@everytoks=\toks45
\@floatcapt=\box93
)
\@float@every@codelisting=\toks46
\c@codelisting=\count373
(c:/texlive/2026/texmf-dist/tex/latex/amscls/amsthm.sty
Package: amsthm 2020/05/29 v2.20.6
\thm@style=\toks47
\thm@bodyfont=\toks48
\thm@headfont=\toks49
\thm@notefont=\toks50
\thm@headpunct=\toks51
\thm@preskip=\skip83
\thm@postskip=\skip84
\thm@headsep=\skip85
\dth@everypar=\toks52
) (c:/texlive/2026/texmf-dist/tex/latex/xpatch/xpatch.sty
Package: xpatch 2020/03/25 v0.3a Extending etoolbox patching commands
)
Class scrreprt Info: amsthm's \deferred@thm@head patched.
\c@example=\count374
\c@theorem=\count375
\c@definition=\count376
\c@proposition=\count377
\c@refremark=\count378
\c@refsolution=\count379
(c:/texlive/2026/texmf-dist/tex/latex/caption/subcaption.sty
Package: subcaption 2023/07/28 v1.6b Sub-captions (AR)
Package caption Info: New subtype `subfigure' on input line 238.
\c@subfigure=\count380
Package caption Info: New subtype `subtable' on input line 238.
\c@subtable=\count381
) (c:/texlive/2026/texmf-dist/tex/latex/sidenotes/sidenotes.sty
Package: sidenotes 2024/09/12 v1.20 Rich text in the margin for LaTeX
(c:/texlive/2026/texmf-dist/tex/latex/marginnote/marginnote.sty
Package: marginnote 2026-06-15 1.5 non floating margin notes for LaTeX 
\c@mn@abspage=\count382
) (c:/texlive/2026/texmf-dist/tex/latex/changepage/changepage.sty
Package: changepage 2009/10/20 v1.0c check page and change page layout
\c@cp@cntr=\count383
\cp@tempcnt=\count384
)
\c@sidenote=\count385
\@sidenotes@marginfigurebox=\box94
\@sidenotes@margintablebox=\box95
) (c:/texlive/2026/texmf-dist/tex/latex/xurl/xurl.sty
Package: xurl 2022/01/09 v 0.10 modify URL breaks
)
Package hyperref Info: Option `colorlinks' set `true' on input line 349.
No file index.aux.

\openout1 = index.aux
LaTeX Font Info:    Checking defaults for OML/cmm/m/it on input line 355.
LaTeX Font Info:    ... okay on input line 355.
LaTeX Font Info:    Checking defaults for OMS/cmsy/m/n on input line 355.
LaTeX Font Info:    ... okay on input line 355.
LaTeX Font Info:    Checking defaults for OT1/cmr/m/n on input line 355.
LaTeX Font Info:    ... okay on input line 355.
LaTeX Font Info:    Checking defaults for T1/cmr/m/n on input line 355.
LaTeX Font Info:    ... okay on input line 355.
LaTeX Font Info:    Checking defaults for TS1/cmr/m/n on input line 355.
LaTeX Font Info:    ... okay on input line 355.
LaTeX Font Info:    Checking defaults for TU/lmr/m/n on input line 355.
LaTeX Font Info:    ... okay on input line 355.
LaTeX Font Info:    Checking defaults for OMX/cmex/m/n on input line 355.
LaTeX Font Info:    ... okay on input line 355.
LaTeX Font Info:    Checking defaults for U/cmr/m/n on input line 355.
LaTeX Font Info:    ... okay on input line 355.
LaTeX Font Info:    Checking defaults for PD1/pdf/m/n on input line 355.
LaTeX Font Info:    ... okay on input line 355.
LaTeX Font Info:    Checking defaults for PU/pdf/m/n on input line 355.
LaTeX Font Info:    ... okay on input line 355.
Package scrbase Info: activating english \abstractname on input line 355.
Package scrbase Info: activating english \partname on input line 355.
Package scrbase Info: activating english \chaptername on input line 355.
Package scrbase Info: activating english \appendixname on input line 355.
Package scrbase Info: activating english \figurename on input line 355.
Package scrbase Info: activating english \tablename on input line 355.
Package scrbase Info: activating english \contentsname on input line 355.
Package scrbase Info: activating english \listfigurename on input line 355.
Package scrbase Info: activating english \listtablename on input line 355.
Package scrbase Info: activating english \bibname on input line 355.
Package scrbase Info: activating english \indexname on input line 355.
(c:/texlive/2026/texmf-dist/tex/context/base/mkii/supp-pdf.mkii
[Loading MPS to PDF converter (version 2006.09.02).]
\scratchcounter=\count386
\scratchdimen=\dimen320
\scratchbox=\box96
\nofMPsegments=\count387
\nofMParguments=\count388
\everyMPshowfont=\toks53
\MPscratchCnt=\count389
\MPscratchDim=\dimen321
\MPnumerator=\count390
\makeMPintoPDFobject=\count391
\everyMPtoPDFconversion=\toks54
) (c:/texlive/2026/texmf-dist/tex/latex/epstopdf-pkg/epstopdf-base.sty
Package: epstopdf-base 2020-01-24 v2.11 Base part for package epstopdf
Package epstopdf-base Info: Redefining graphics rule for `.eps' on input line 4
85.
(c:/texlive/2026/texmf-dist/tex/latex/latexconfig/epstopdf-sys.cfg
File: epstopdf-sys.cfg 2010/07/13 v1.3 Configuration of (r)epstopdf for TeX Liv
e
))
*geometry* driver: auto-detecting
*geometry* detected driver: luatex
*geometry* verbose mode - [ preamble ] result:
* driver: luatex
* paper: letterpaper
* layout: <same size as paper>
* layoutoffset:(h,v)=(0.0pt,0.0pt)
* modes: 
* h-part:(L,W,R)=(72.26999pt, 298.71585pt, 243.30916pt)
* v-part:(T,H,B)=(95.39737pt, 556.47656pt, 143.09605pt)
* \paperwidth=614.295pt
* \paperheight=794.96999pt
* \textwidth=298.71585pt
* \textheight=556.47656pt
* \oddsidemargin=0.0pt
* \evensidemargin=0.0pt
* \topmargin=-14.27263pt
* \headheight=17.0pt
* \headsep=20.40001pt
* \topskip=11.0pt
* \footskip=47.6pt
* \marginparwidth=149.35793pt
* \marginparsep=21.68121pt
* \columnsep=10.0pt
* \skip\footins=10.0pt plus 4.0pt minus 2.0pt
* \hoffset=0.0pt
* \voffset=0.0pt
* \mag=1000
* \@twocolumnfalse
* \@twosidefalse
* \@mparswitchfalse
* \@reversemarginfalse
* (1in=72.27pt=25.4mm, 1cm=28.453pt)

LaTeX Font Info:    Overwriting math alphabet `\mathrm' in version `normal'
(Font)                  OT1/lmr/m/n --> TU/lmr/m/n on input line 355.
LaTeX Font Info:    Overwriting math alphabet `\mathit' in version `normal'
(Font)                  OT1/lmr/m/it --> TU/lmr/m/it on input line 355.
LaTeX Font Info:    Overwriting math alphabet `\mathbf' in version `normal'
(Font)                  OT1/lmr/bx/n --> TU/lmr/bx/n on input line 355.
LaTeX Font Info:    Overwriting math alphabet `\mathsf' in version `normal'
(Font)                  OT1/lmss/m/n --> TU/lmss/m/n on input line 355.
LaTeX Font Info:    Overwriting math alphabet `\mathsf' in version `bold'
(Font)                  OT1/lmss/bx/n --> TU/lmss/bx/n on input line 355.
LaTeX Font Info:    Overwriting math alphabet `\mathtt' in version `normal'
(Font)                  OT1/lmtt/m/n --> TU/lmtt/m/n on input line 355.
LaTeX Font Info:    Overwriting math alphabet `\mathtt' in version `bold'
(Font)                  OT1/lmtt/m/n --> TU/lmtt/bx/n on input line 355.

Package fontspec Info: 
(fontspec)             latinmodern-math scale = 0.9999967668407183.


Package fontspec Info: 
(fontspec)             latinmodern-math scale = 0.9999967668407183.


Package fontspec Info: 
(fontspec)             latinmodern-math scale = 0.9999967668407183.


Package fontspec Info: 
(fontspec)             Font family 'latinmodern-math.otf(0)' created for font
(fontspec)             'latinmodern-math.otf' with options
(fontspec)             [Scale=MatchLowercase,Renderer=Basic,BoldItalicFont={},I
talicFont={},SmallCapsFont={},Script=Math,RawFeature={mathfontdimen=xetex},Bold
Font={latinmodern-math.otf}].
(fontspec)              
(fontspec)              This font family consists of the following NFSS
(fontspec)             series/shapes:
(fontspec)              
(fontspec)             - 'normal' (m/n) with NFSS spec.:
(fontspec)             <->s*[0.9999967668407183]"[latinmodern-math.otf]:mode=ba
se;script=math;language=dflt;mathfontdimen=xetex;"
(fontspec)             - 'bold' (b/n) with NFSS spec.:
(fontspec)             <->s*[0.9999967668407183]"[latinmodern-math.otf]:mode=ba
se;script=math;language=dflt;mathfontdimen=xetex;"

LaTeX Font Info:    Font shape `TU/latinmodern-math.otf(0)/m/n' will be
(Font)              scaled to size 10.95pt on input line 355.

Package fontspec Info: 
(fontspec)             latinmodern-math scale = 0.9999967668407183.


Package fontspec Info: 
(fontspec)             latinmodern-math scale = 0.9999967668407183.


Package fontspec Info: 
(fontspec)             latinmodern-math scale = 0.9999967668407183.


Package fontspec Info: 
(fontspec)             latinmodern-math scale = 0.9999967668407183.


Package fontspec Info: 
(fontspec)             latinmodern-math scale = 0.9999967668407183.


Package fontspec Info: 
(fontspec)             Font family 'latinmodern-math.otf(1)' created for font
(fontspec)             'latinmodern-math.otf' with options
(fontspec)             [Scale=MatchLowercase,Renderer=Basic,BoldItalicFont={},I
talicFont={},SmallCapsFont={},Script=Math,SizeFeatures={{Size=9.3075-},{Size=6.
57-9.3075,Font=latinmodern-math.otf,Style=MathScript},{Size=-6.57,Font=latinmod
ern-math.otf,Style=MathScriptScript}},RawFeature={mathfontdimen=xetex},BoldFont
={latinmodern-math.otf}].
(fontspec)              
(fontspec)              This font family consists of the following NFSS
(fontspec)             series/shapes:
(fontspec)              
(fontspec)             - 'normal' (m/n) with NFSS spec.:
(fontspec)             <9.3075->s*[0.9999967668407183]"[latinmodern-math.otf]:m
ode=base;script=math;language=dflt;mathfontdimen=xetex;"<6.57-9.3075>s*[0.99999
67668407183]"[latinmodern-math.otf]:mode=base;script=math;language=dflt;mathfon
tdimen=xetex;+ssty=0;"<-6.57>s*[0.9999967668407183]"[latinmodern-math.otf]:mode
=base;script=math;language=dflt;mathfontdimen=xetex;+ssty=1;"
(fontspec)             - 'bold' (b/n) with NFSS spec.:
(fontspec)             <->s*[0.9999967668407183]"[latinmodern-math.otf]:mode=ba
se;script=math;language=dflt;mathfontdimen=xetex;"

LaTeX Font Info:    Font shape `TU/latinmodern-math.otf(1)/m/n' will be
(Font)              scaled to size 10.95pt on input line 355.
LaTeX Font Info:    Encoding `OT1' has changed to `TU' for symbol font
(Font)              `operators' in the math version `normal' on input line 355.

LaTeX Font Info:    Overwriting symbol font `operators' in version `normal'
(Font)                  OT1/lmr/m/n --> TU/latinmodern-math.otf(1)/m/n on input
 line 355.
LaTeX Font Info:    Encoding `OT1' has changed to `TU' for symbol font
(Font)              `operators' in the math version `bold' on input line 355.
LaTeX Font Info:    Overwriting symbol font `operators' in version `bold'
(Font)                  OT1/lmr/bx/n --> TU/latinmodern-math.otf(1)/b/n on inpu
t line 355.

Package fontspec Info: 
(fontspec)             latinmodern-math scale = 0.9999967668407183.


Package fontspec Info: 
(fontspec)             latinmodern-math scale = 0.9999967668407183.


Package fontspec Info: 
(fontspec)             latinmodern-math scale = 0.9999967668407183.


Package fontspec Info: 
(fontspec)             latinmodern-math scale = 0.9999967668407183.


Package fontspec Info: 
(fontspec)             latinmodern-math scale = 0.9999967668407183.


Package fontspec Info: 
(fontspec)             Font family 'latinmodern-math.otf(2)' created for font
(fontspec)             'latinmodern-math.otf' with options
(fontspec)             [Scale=MatchLowercase,Renderer=Basic,BoldItalicFont={},I
talicFont={},SmallCapsFont={},Script=Math,SizeFeatures={{Size=9.3075-},{Size=6.
57-9.3075,Font=latinmodern-math.otf,Style=MathScript},{Size=-6.57,Font=latinmod
ern-math.otf,Style=MathScriptScript}},RawFeature={mathfontdimen=xetex},BoldFont
={latinmodern-math.otf},RawFeature={mathfontdimen=tex2}].
(fontspec)              
(fontspec)              This font family consists of the following NFSS
(fontspec)             series/shapes:
(fontspec)              
(fontspec)             - 'normal' (m/n) with NFSS spec.:
(fontspec)             <9.3075->s*[0.9999967668407183]"[latinmodern-math.otf]:m
ode=base;script=math;language=dflt;mathfontdimen=xetex;mathfontdimen=tex2;"<6.5
7-9.3075>s*[0.9999967668407183]"[latinmodern-math.otf]:mode=base;script=math;la
nguage=dflt;mathfontdimen=xetex;mathfontdimen=tex2;+ssty=0;"<-6.57>s*[0.9999967
668407183]"[latinmodern-math.otf]:mode=base;script=math;language=dflt;mathfontd
imen=xetex;mathfontdimen=tex2;+ssty=1;"
(fontspec)             - 'bold' (b/n) with NFSS spec.:
(fontspec)             <->s*[0.9999967668407183]"[latinmodern-math.otf]:mode=ba
se;script=math;language=dflt;mathfontdimen=xetex;mathfontdimen=tex2;"

LaTeX Font Info:    Encoding `OMS' has changed to `TU' for symbol font
(Font)              `symbols' in the math version `normal' on input line 355.
LaTeX Font Info:    Overwriting symbol font `symbols' in version `normal'
(Font)                  OMS/lmsy/m/n --> TU/latinmodern-math.otf(2)/m/n on inpu
t line 355.
LaTeX Font Info:    Encoding `OMS' has changed to `TU' for symbol font
(Font)              `symbols' in the math version `bold' on input line 355.
LaTeX Font Info:    Overwriting symbol font `symbols' in version `bold'
(Font)                  OMS/lmsy/b/n --> TU/latinmodern-math.otf(2)/b/n on inpu
t line 355.

Package fontspec Info: 
(fontspec)             latinmodern-math scale = 0.9999967668407183.


Package fontspec Info: 
(fontspec)             latinmodern-math scale = 0.9999967668407183.


Package fontspec Info: 
(fontspec)             latinmodern-math scale = 0.9999967668407183.


Package fontspec Info: 
(fontspec)             latinmodern-math scale = 0.9999967668407183.


Package fontspec Info: 
(fontspec)             latinmodern-math scale = 0.9999967668407183.


Package fontspec Info: 
(fontspec)             Font family 'latinmodern-math.otf(3)' created for font
(fontspec)             'latinmodern-math.otf' with options
(fontspec)             [Scale=MatchLowercase,Renderer=Basic,BoldItalicFont={},I
talicFont={},SmallCapsFont={},Script=Math,SizeFeatures={{Size=9.3075-},{Size=6.
57-9.3075,Font=latinmodern-math.otf,Style=MathScript},{Size=-6.57,Font=latinmod
ern-math.otf,Style=MathScriptScript}},RawFeature={mathfontdimen=xetex},BoldFont
={latinmodern-math.otf},RawFeature={mathfontdimen=tex3}].
(fontspec)              
(fontspec)              This font family consists of the following NFSS
(fontspec)             series/shapes:
(fontspec)              
(fontspec)             - 'normal' (m/n) with NFSS spec.:
(fontspec)             <9.3075->s*[0.9999967668407183]"[latinmodern-math.otf]:m
ode=base;script=math;language=dflt;mathfontdimen=xetex;mathfontdimen=tex3;"<6.5
7-9.3075>s*[0.9999967668407183]"[latinmodern-math.otf]:mode=base;script=math;la
nguage=dflt;mathfontdimen=xetex;mathfontdimen=tex3;+ssty=0;"<-6.57>s*[0.9999967
668407183]"[latinmodern-math.otf]:mode=base;script=math;language=dflt;mathfontd
imen=xetex;mathfontdimen=tex3;+ssty=1;"
(fontspec)             - 'bold' (b/n) with NFSS spec.:
(fontspec)             <->s*[0.9999967668407183]"[latinmodern-math.otf]:mode=ba
se;script=math;language=dflt;mathfontdimen=xetex;mathfontdimen=tex3;"

LaTeX Font Info:    Encoding `OMX' has changed to `TU' for symbol font
(Font)              `largesymbols' in the math version `normal' on input line 3
55.
LaTeX Font Info:    Overwriting symbol font `largesymbols' in version `normal'
(Font)                  OMX/lmex/m/n --> TU/latinmodern-math.otf(3)/m/n on inpu
t line 355.
LaTeX Font Info:    Encoding `OMX' has changed to `TU' for symbol font
(Font)              `largesymbols' in the math version `bold' on input line 355
.
LaTeX Font Info:    Overwriting symbol font `largesymbols' in version `bold'
(Font)                  OMX/lmex/m/n --> TU/latinmodern-math.otf(3)/b/n on inpu
t line 355.
LaTeX Font Info:    Font shape `TU/latinmodern-math.otf(1)/m/n' will be
(Font)              scaled to size 7.665pt on input line 355.
LaTeX Font Info:    Font shape `TU/latinmodern-math.otf(1)/m/n' will be
(Font)              scaled to size 5.475pt on input line 355.
LaTeX Font Info:    Trying to load font information for OML+lmm on input line 3
55.
(c:/texlive/2026/texmf-dist/tex/latex/lm/omllmm.fd
File: omllmm.fd 2015/05/01 v1.6.1 Font defs for Latin Modern
)
LaTeX Font Info:    Font shape `TU/latinmodern-math.otf(2)/m/n' will be
(Font)              scaled to size 10.95pt on input line 355.
LaTeX Font Info:    Font shape `TU/latinmodern-math.otf(2)/m/n' will be
(Font)              scaled to size 7.665pt on input line 355.
LaTeX Font Info:    Font shape `TU/latinmodern-math.otf(2)/m/n' will be
(Font)              scaled to size 5.475pt on input line 355.
LaTeX Font Info:    Font shape `TU/latinmodern-math.otf(3)/m/n' will be
(Font)              scaled to size 10.95pt on input line 355.
LaTeX Font Info:    Font shape `TU/latinmodern-math.otf(3)/m/n' will be
(Font)              scaled to size 7.665pt on input line 355.
LaTeX Font Info:    Font shape `TU/latinmodern-math.otf(3)/m/n' will be
(Font)              scaled to size 5.475pt on input line 355.
LaTeX Font Info:    Trying to load font information for U+msa on input line 355
.
(c:/texlive/2026/texmf-dist/tex/latex/amsfonts/umsa.fd
File: umsa.fd 2013/01/14 v3.01 AMS symbols A
)
LaTeX Font Info:    Trying to load font information for U+msb on input line 355
.
(c:/texlive/2026/texmf-dist/tex/latex/amsfonts/umsb.fd
File: umsb.fd 2013/01/14 v3.01 AMS symbols B
)
LaTeX Info: Redefining \microtypecontext on input line 355.
Package microtype Info: Applying patch `item' on input line 355.
Package microtype Info: Applying patch `toc' on input line 355.
Package microtype Info: Applying patch `eqnum' on input line 355.
Package microtype Info: Applying patch `footnote' on input line 355.
Package microtype Info: Applying patch `verbatim' on input line 355.
LaTeX Info: Redefining \microtypesetup on input line 355.
Package microtype Info: Generating PDF output.
Package microtype Info: Character protrusion enabled (level 2).
Package microtype Info: Using protrusion set `basicmath'.
Package microtype Info: Automatic font expansion enabled (level 2),
(microtype)             stretch: 20, shrink: 20, step: 1, non-selected.
Package microtype Info: Using default expansion set `alltext-nott'.
Package microtype Info: Patching command `\showhyphens'.
Package microtype Info: No adjustment of tracking.
Package microtype Info: No adjustment of spacing.
Package microtype Info: No adjustment of kerning.
(c:/texlive/2026/texmf-dist/tex/latex/microtype/mt-LatinModernRoman.cfg
File: mt-LatinModernRoman.cfg 2026/02/26 v1.2 microtype config. file: Latin Mod
ern Roman (RS)
)
Package hyperref Info: Link coloring ON on input line 355.
Package caption Info: Begin \AtBeginDocument code.
Package caption Info: changepage package is loaded.
\caption@adjustwidth@hsize=\dimen322
\caption@adjustwidth@linewidth=\dimen323
Package caption Info: float package is loaded.
Package caption Info: End \AtBeginDocument code.
\@sidenotes@extrawidth=\skip86
\g__cctab_next_cctab=\catcodetable17
Package microtype Info: Loading generic protrusion settings for font family
(microtype)             `lmss' (encoding: TU).
(microtype)             For optimal results, create family-specific settings.
(microtype)             See the microtype manual for details.
[1



{c:/texlive/2026/texmf-var/fonts/map/pdftex/updmap/pdftex.map}]
Package tocbasic Info: character protrusion at toc deactivated on input line 36
1.
No file index.toc.
\tf@toc=\write5

\openout5 = index.toc
[2

] [3

] [4]
part I.
Package scrkbase Info: You've told me to use the font selection of the element
(scrkbase)             `partprefix' that is an alias of element `partnumber'
(scrkbase)              on input line 479.
[5

]
chapter 1.

Package longtable Warning: Column widths have changed
(longtable)                in none 1 on input line 529.

[6

] (c:/texlive/2026/texmf-dist/tex/latex/microtype/mt-TU-empty.cfg
File: mt-TU-empty.cfg 2021/06/22 v1.1 microtype config. file: fonts with nonsta
ndard glyph set (RS)
) [7] [8] [9] [10] [11] [12]
<contents/0/basic_files/figure-pdf/cell-2-output-1.pdf, id=133, 812.30664pt x 3
35.0988pt>
File: contents/0/basic_files/figure-pdf/cell-2-output-1.pdf Graphic file (type 
pdf)
<use contents/0/basic_files/figure-pdf/cell-2-output-1.pdf>
Package luatex.def Info: contents/0/basic_files/figure-pdf/cell-2-output-1.pdf 
 used on input line 924.
(luatex.def)             Requested size: 812.30466pt x 335.09798pt.
[13] [14<./contents/0/basic_files/figure-pdf/cell-2-output-1.pdf>]
chapter 2.
[15

] [16]

Package longtable Warning: Column widths have changed
(longtable)                in none 4 on input line 1040.

[17] [18] [19] [20]
Overfull \hbox (31.53343pt too wide) detected at line 1297
[]
 []


warning  (pdf backend): ignoring duplicate destination with the name 'exm-'
[21] [22]
Overfull \hbox (7.40184pt too wide) in paragraph at lines 1397--1398
\TU/lmr/m/n/10.95 Thresh- 
 []


Overfull \hbox (1.10738pt too wide) in paragraph at lines 1417--1417
[]|\TU/lmr/m/n/10.95 Lower 
 []


Overfull \hbox (4.22261pt too wide) in paragraph at lines 1417--1417
\TU/lmr/m/n/10.95 thresh- 
 []


Overfull \hbox (21.5359pt too wide) in paragraph at lines 1417--1417
\TU/lmr/m/n/10.95 decreasing|  
 []


Overfull \hbox (19.75455pt too wide) in paragraph at lines 1417--1417
\TU/lmr/m/n/10.95 increasing|  
 []


Overfull \hbox (21.5359pt too wide) in paragraph at lines 1417--1417
\TU/lmr/m/n/10.95 decreasing|  
 []


Overfull \hbox (19.75455pt too wide) in paragraph at lines 1418--1418
\TU/lmr/m/n/10.95 increasing|  
 []


Overfull \hbox (21.5359pt too wide) in paragraph at lines 1418--1418
\TU/lmr/m/n/10.95 decreasing|  
 []


Overfull \hbox (1.25432pt too wide) in paragraph at lines 1418--1418
\TU/lmr/m/n/10.95 crease|  
 []


Overfull \hbox (4.27606pt too wide) in paragraph at lines 1419--1419
[]|\TU/lmr/m/n/10.95 Higher 
 []


Overfull \hbox (4.22261pt too wide) in paragraph at lines 1419--1419
\TU/lmr/m/n/10.95 thresh- 
 []


Overfull \hbox (19.75455pt too wide) in paragraph at lines 1419--1419
\TU/lmr/m/n/10.95 increasing|  
 []


Overfull \hbox (21.5359pt too wide) in paragraph at lines 1419--1419
\TU/lmr/m/n/10.95 decreasing|  
 []


Overfull \hbox (19.75455pt too wide) in paragraph at lines 1419--1419
\TU/lmr/m/n/10.95 increasing|  
 []


Overfull \hbox (21.5359pt too wide) in paragraph at lines 1420--1420
\TU/lmr/m/n/10.95 decreasing|  
 []


Overfull \hbox (19.75455pt too wide) in paragraph at lines 1420--1420
\TU/lmr/m/n/10.95 increasing|  
 []


Overfull \hbox (1.25432pt too wide) in paragraph at lines 1420--1420
\TU/lmr/m/n/10.95 crease|  
 []


warning  (pdf backend): ignoring duplicate destination with the name 'exm-'
[23]

Package longtable Warning: Column widths have changed
(longtable)                in none 7 on input line 1474.

[24]
warning  (pdf backend): ignoring duplicate destination with the name 'exm-'

warning  (pdf backend): ignoring duplicate destination with the name 'exm-'
[25] [26] [27] [28] [29] [30] [31]
Underfull \hbox (badness 10000) in paragraph at lines 1874--1875
[]\TU/lmr/m/n/10.95 Note that \TU/lmtt/m/n/10.95 logit.predict_proba(X_test) \T
U/lmr/m/n/10.95 re-turns 2
 []

[32]
Underfull \hbox (badness 10000) in paragraph at lines 1949--1952
[]\TU/lmr/m/n/10.95 You may also use \TU/lmtt/m/n/10.95 FixedThresholdClassifier
 \TU/lmr/m/n/10.95 from
 []

[33]
LaTeX Font Info:    Font shape `TU/lmtt/bx/n' in size <10.95> not available
(Font)              Font shape `TU/lmtt/b/n' tried instead on input line 1991.
[34]
Overfull \hbox (33.41985pt too wide) in alignment at lines 2039--2043
 [][][][][][][][][][] 
 []


Overfull \hbox (33.41985pt too wide) in alignment at lines 2043--2045
 [][][][][][][][][][] 
 []


Overfull \hbox (87.53487pt too wide) in alignment at lines 2045--2056
 [][][][][][][][][][] 
 []


Package longtable Warning: Column widths have changed
(longtable)                in none 8 on input line 2056.

<contents/0/decisioneval_files/figure-pdf/cell-12-output-1.pdf, id=327, 371.986
62pt x 254.8609pt>
File: contents/0/decisioneval_files/figure-pdf/cell-12-output-1.pdf Graphic fil
e (type pdf)
<use contents/0/decisioneval_files/figure-pdf/cell-12-output-1.pdf>
Package luatex.def Info: contents/0/decisioneval_files/figure-pdf/cell-12-outpu
t-1.pdf  used on input line 2074.
(luatex.def)             Requested size: 371.9857pt x 254.86028pt.

Overfull \hbox (10.95905pt too wide) in paragraph at lines 2074--2075
[][] 
 []

[35] [36<./contents/0/decisioneval_files/figure-pdf/cell-12-output-1.pdf>] [37]
<contents/0/decisioneval_files/figure-pdf/cell-14-output-1.pdf, id=384, 359.220
17pt x 254.8609pt>
File: contents/0/decisioneval_files/figure-pdf/cell-14-output-1.pdf Graphic fil
e (type pdf)
<use contents/0/decisioneval_files/figure-pdf/cell-14-output-1.pdf>
Package luatex.def Info: contents/0/decisioneval_files/figure-pdf/cell-14-outpu
t-1.pdf  used on input line 2166.
(luatex.def)             Requested size: 359.21928pt x 254.86028pt.

Overfull \hbox (10.94589pt too wide) in paragraph at lines 2166--2167
[][] 
 []

[38<./contents/0/decisioneval_files/figure-pdf/cell-14-output-1.pdf>]
<contents/0/decisioneval_files/figure-pdf/cell-15-output-1.pdf, id=431, 359.220
17pt x 254.8609pt>
File: contents/0/decisioneval_files/figure-pdf/cell-15-output-1.pdf Graphic fil
e (type pdf)
<use contents/0/decisioneval_files/figure-pdf/cell-15-output-1.pdf>
Package luatex.def Info: contents/0/decisioneval_files/figure-pdf/cell-15-outpu
t-1.pdf  used on input line 2195.
(luatex.def)             Requested size: 359.21928pt x 254.86028pt.

Overfull \hbox (10.94589pt too wide) in paragraph at lines 2195--2196
[][] 
 []

[39<./contents/0/decisioneval_files/figure-pdf/cell-15-output-1.pdf>]
<contents/0/decisioneval_files/figure-pdf/cell-16-output-1.pdf, id=479, 359.220
17pt x 254.8609pt>
File: contents/0/decisioneval_files/figure-pdf/cell-16-output-1.pdf Graphic fil
e (type pdf)
<use contents/0/decisioneval_files/figure-pdf/cell-16-output-1.pdf>
Package luatex.def Info: contents/0/decisioneval_files/figure-pdf/cell-16-outpu
t-1.pdf  used on input line 2226.
(luatex.def)             Requested size: 359.21928pt x 254.86028pt.

Overfull \hbox (10.94589pt too wide) in paragraph at lines 2226--2227
[][] 
 []


Underfull \hbox (badness 3579) in paragraph at lines 2237--2240
[]\TU/lmr/m/n/10.95 Cal-i-bra-tion fo-cuses on prob-a-bil-ity qual-ity rather th
an
 []

<contents/0/decisioneval_files/figure-pdf/cell-17-output-1.pdf, id=480, 359.220
17pt x 254.8609pt>
File: contents/0/decisioneval_files/figure-pdf/cell-17-output-1.pdf Graphic fil
e (type pdf)
<use contents/0/decisioneval_files/figure-pdf/cell-17-output-1.pdf>
Package luatex.def Info: contents/0/decisioneval_files/figure-pdf/cell-17-outpu
t-1.pdf  used on input line 2250.
(luatex.def)             Requested size: 359.21928pt x 254.86028pt.

Overfull \hbox (10.94589pt too wide) in paragraph at lines 2250--2251
[][] 
 []

[40<./contents/0/decisioneval_files/figure-pdf/cell-16-output-1.pdf>]
<contents/0/decisioneval_files/figure-pdf/cell-18-output-1.pdf, id=530, 359.220
17pt x 239.67918pt>
File: contents/0/decisioneval_files/figure-pdf/cell-18-output-1.pdf Graphic fil
e (type pdf)
<use contents/0/decisioneval_files/figure-pdf/cell-18-output-1.pdf>
Package luatex.def Info: contents/0/decisioneval_files/figure-pdf/cell-18-outpu
t-1.pdf  used on input line 2270.
(luatex.def)             Requested size: 359.21928pt x 239.67859pt.

Overfull \hbox (10.94589pt too wide) in paragraph at lines 2270--2271
[][] 
 []

[41<./contents/0/decisioneval_files/figure-pdf/cell-17-output-1.pdf>] [42<./cont
ents/0/decisioneval_files/figure-pdf/cell-18-output-1.pdf>]
part II.
Package scrkbase Info: You've told me to use the font selection of the element
(scrkbase)             `partprefix' that is an alias of element `partnumber'
(scrkbase)              on input line 2281.
[43

]
chapter 3.
[44

] [45] [46] [47] [48]
Underfull \hbox (badness 1400) in paragraph at lines 2540--2544
\TU/lmr/m/n/10.95 vec-tor, the fastest way to use \TU/lmtt/m/n/10.95 statsmodels
 \TU/lmr/m/n/10.95 is through
 []


Underfull \hbox (badness 3386) in paragraph at lines 2540--2544
\TU/lmtt/m/n/10.95 statsmodels.api \TU/lmr/m/n/10.95 (as op-posed to the R-style
 in-ter-face
 []

[49]
<contents/1/lr_files/figure-pdf/cell-11-output-1.pdf, id=674, 353.85638pt x 228
.85751pt>
File: contents/1/lr_files/figure-pdf/cell-11-output-1.pdf Graphic file (type pd
f)
<use contents/1/lr_files/figure-pdf/cell-11-output-1.pdf>
Package luatex.def Info: contents/1/lr_files/figure-pdf/cell-11-output-1.pdf  u
sed on input line 2609.
(luatex.def)             Requested size: 353.85551pt x 228.85693pt.
<contents/1/lr_files/figure-pdf/cell-12-output-1.pdf, id=675, 368.89694pt x 244
.03923pt>
File: contents/1/lr_files/figure-pdf/cell-12-output-1.pdf Graphic file (type pd
f)
<use contents/1/lr_files/figure-pdf/cell-12-output-1.pdf>
Package luatex.def Info: contents/1/lr_files/figure-pdf/cell-12-output-1.pdf  u
sed on input line 2632.
(luatex.def)             Requested size: 368.89604pt x 244.03862pt.
[50<./contents/1/lr_files/figure-pdf/cell-11-output-1.pdf>]
<contents/1/lr_files/figure-pdf/cell-13-output-1.pdf, id=697, 368.89694pt x 258
.54655pt>
File: contents/1/lr_files/figure-pdf/cell-13-output-1.pdf Graphic file (type pd
f)
<use contents/1/lr_files/figure-pdf/cell-13-output-1.pdf>
Package luatex.def Info: contents/1/lr_files/figure-pdf/cell-13-output-1.pdf  u
sed on input line 2646.
(luatex.def)             Requested size: 368.89604pt x 258.54591pt.
[51<./contents/1/lr_files/figure-pdf/cell-12-output-1.pdf>]
<contents/1/lr_files/figure-pdf/cell-14-output-1.pdf, id=727, 364.96036pt x 258
.54655pt>
File: contents/1/lr_files/figure-pdf/cell-14-output-1.pdf Graphic file (type pd
f)
<use contents/1/lr_files/figure-pdf/cell-14-output-1.pdf>
Package luatex.def Info: contents/1/lr_files/figure-pdf/cell-14-output-1.pdf  u
sed on input line 2674.
(luatex.def)             Requested size: 364.95946pt x 258.54591pt.
[52<./contents/1/lr_files/figure-pdf/cell-13-output-1.pdf>]
<contents/1/lr_files/figure-pdf/cell-15-output-1.pdf, id=769, 359.67499pt x 258
.6877pt>
File: contents/1/lr_files/figure-pdf/cell-15-output-1.pdf Graphic file (type pd
f)
<use contents/1/lr_files/figure-pdf/cell-15-output-1.pdf>
Package luatex.def Info: contents/1/lr_files/figure-pdf/cell-15-output-1.pdf  u
sed on input line 2699.
(luatex.def)             Requested size: 359.6741pt x 258.68706pt.
[53<./contents/1/lr_files/figure-pdf/cell-14-output-1.pdf>]
<contents/1/lr_files/figure-pdf/cell-16-output-1.pdf, id=812, 362.59215pt x 258
.6877pt>
File: contents/1/lr_files/figure-pdf/cell-16-output-1.pdf Graphic file (type pd
f)
<use contents/1/lr_files/figure-pdf/cell-16-output-1.pdf>
Package luatex.def Info: contents/1/lr_files/figure-pdf/cell-16-output-1.pdf  u
sed on input line 2716.
(luatex.def)             Requested size: 362.59125pt x 258.68706pt.
<contents/1/lr_files/figure-pdf/cell-17-output-1.pdf, id=813, 385.77124pt x 143
.16373pt>
File: contents/1/lr_files/figure-pdf/cell-17-output-1.pdf Graphic file (type pd
f)
<use contents/1/lr_files/figure-pdf/cell-17-output-1.pdf>
Package luatex.def Info: contents/1/lr_files/figure-pdf/cell-17-output-1.pdf  u
sed on input line 2726.
(luatex.def)             Requested size: 385.7703pt x 143.16336pt.
<contents/1/lr_files/figure-pdf/cell-18-output-1.pdf, id=814, 362.59215pt x 258
.6877pt>
File: contents/1/lr_files/figure-pdf/cell-18-output-1.pdf Graphic file (type pd
f)
<use contents/1/lr_files/figure-pdf/cell-18-output-1.pdf>
Package luatex.def Info: contents/1/lr_files/figure-pdf/cell-18-output-1.pdf  u
sed on input line 2747.
(luatex.def)             Requested size: 362.59125pt x 258.68706pt.
<contents/1/lr_files/figure-pdf/cell-19-output-1.pdf, id=815, 385.77124pt x 143
.16373pt>
File: contents/1/lr_files/figure-pdf/cell-19-output-1.pdf Graphic file (type pd
f)
<use contents/1/lr_files/figure-pdf/cell-19-output-1.pdf>
Package luatex.def Info: contents/1/lr_files/figure-pdf/cell-19-output-1.pdf  u
sed on input line 2765.
(luatex.def)             Requested size: 385.7703pt x 143.16336pt.
[54<./contents/1/lr_files/figure-pdf/cell-15-output-1.pdf><./contents/1/lr_files
/figure-pdf/cell-16-output-1.pdf>] [55<./contents/1/lr_files/figure-pdf/cell-17-
output-1.pdf><./contents/1/lr_files/figure-pdf/cell-18-output-1.pdf>] [56<./cont
ents/1/lr_files/figure-pdf/cell-19-output-1.pdf>]
Underfull \hbox (badness 10000) in paragraph at lines 2813--2816
[]\TU/lmr/m/n/10.95 In \TU/lmtt/m/n/10.95 sklearn\TU/lmr/m/n/10.95 , the func-ti
on \TU/lmtt/m/n/10.95 train_test_split() \TU/lmr/m/n/10.95 from
 []


Underfull \hbox (badness 7362) in paragraph at lines 2813--2816
\TU/lmtt/m/n/10.95 sklearn.model_selection \TU/lmr/m/n/10.95 is com-monly used 
to split
 []

[57]
Underfull \hbox (badness 2418) in paragraph at lines 2894--2898
[]\TU/lmr/m/n/10.95 In \TU/lmtt/m/n/10.95 sklearn\TU/lmr/m/n/10.95 , there are 
sev-eral ways to per-form $\TU/latinmodern-math.otf(1)/m/n/10.95 𝑘$\TU/lmr/m
/n/10.95 -fold
 []


Underfull \hbox (badness 1527) in paragraph at lines 2935--2938
[]\TU/lmr/m/n/10.95 If you want the split to be ran-dom-ized, set
 []


Underfull \hbox (badness 10000) in paragraph at lines 2969--2969
[]\TU/lmtt/m/n/10.95 [-1.473916411368759, 0.3859310045149441, -
 []


Overfull \hbox (65.78319pt too wide) in paragraph at lines 2969--2969
\TU/lmtt/m/n/10.95 0.7579033227389274, 0.7043154482687257, 0.8824788076538627][
] 
 []

[58] [59]
Underfull \hbox (badness 3271) in paragraph at lines 2980--2984
[]\TU/lmr/m/n/10.95 Us-ing \TU/lmtt/m/n/10.95 KFold \TU/lmr/m/n/10.95 di-rectly is some-what man-ual. We
 []


Underfull \hbox (badness 1418) in paragraph at lines 2980--2984
\TU/lmr/m/n/10.95 may use \TU/lmtt/m/n/10.95 cross_validate() \TU/lmr/m/n/10.95
 to au-to-mate the cross-
 []


Overfull \hbox (192.25566pt too wide) in paragraph at lines 3003--3003
[]\TU/lmtt/m/n/10.95 {'fit_time': array([0.00148249, 0.00122499, 0.00104594, 0.0
0093675, 0.00085187]),[] 
 []


Overfull \hbox (203.75316pt too wide) in paragraph at lines 3004--3004
[] \TU/lmtt/m/n/10.95 'score_time': array([0.00161695, 0.00092888, 0.00085115, 
0.00079632, 0.00077248]),[] 
 []


Overfull \hbox (215.25066pt too wide) in paragraph at lines 3005--3005
[] \TU/lmtt/m/n/10.95 'test_r2': array([-0.39366753,  0.10843993,  0.60326202, 
 0.73431811,  0.91493437]),[] 
 []


Underfull \hbox (badness 10000) in paragraph at lines 3006--3006
[] \TU/lmtt/m/n/10.95 'test_neg_mean_squared_error': array([-
 []


Underfull \hbox (badness 10000) in paragraph at lines 3006--3006
\TU/lmtt/m/n/10.95 0.79253928, -0.34840152, -1.25856101, -
 []


Overfull \hbox (140.51692pt too wide) in paragraph at lines 3019--3019
[]\TU/lmtt/m/n/10.95 array([-0.39366753,  0.10843993,  0.60326202,  0.73431811,  0.91493437])[] 
 []


Underfull \hbox (badness 10000) in paragraph at lines 3049--3049
[]\TU/lmtt/m/n/10.95 array([-1.47391641,  0.385931  , -
 []

[60] [61]
Underfull \hbox (badness 7685) in paragraph at lines 3071--3077
[]\TU/lmtt/m/n/10.95 cross_val_score() \TU/lmr/m/n/10.95 is a shorter way to ob-
tain
 []


Underfull \hbox (badness 10000) in paragraph at lines 3091--3091
[]\TU/lmtt/m/n/10.95 array([-1.47391641,  0.385931  , -
 []

[62]
Underfull \hbox (badness 1874) in paragraph at lines 3160--3164
[]\TU/lmr/m/n/10.95 If the model is wrapped in-side a \TU/lmtt/m/n/10.95 Pipelin
e \TU/lmr/m/n/10.95 or a
 []

[63]
Overfull \hbox (3.65576pt too wide) in paragraph at lines 3249--3249
\TU/lmr/m/n/10.95 ing_string_names‘);  
 []


Overfull \hbox (21.22723pt too wide) in paragraph at lines 3307--3307
\TU/lmr/m/n/10.95 :ref:‘sphx_glr_auto_ex- 
 []


Overfull \hbox (41.18538pt too wide) in paragraph at lines 3307--3307
\TU/lmr/m/n/10.95 tion_plot_grid_search_dig- 
 []


Package longtable Warning: Column widths have changed
(longtable)                in none 9 on input line 3395.

[64] [65]
Overfull \vbox (142.62373pt too high) has occurred while \output is active []

[66] [67]
Overfull \vbox (863.42406pt too high) has occurred while \output is active []

[68]
Overfull \vbox (197.02376pt too high) has occurred while \output is active []

[69] [70]
Overfull \vbox (6.62367pt too high) has occurred while \output is active []

[71] [72]
Overfull \vbox (1.28741pt too high) has occurred while \output is active []

[73]
Overfull \hbox (41.9444pt too wide) in paragraph at lines 3433--3433
\TU/lmr/m/n/10.95 :func:‘scipy.sparse.linalg.lsqr‘ 
 []


Overfull \hbox (21.22723pt too wide) in paragraph at lines 3460--3460
\TU/lmr/m/n/10.95 :ref:‘sphx_glr_auto_ex- 
 []


Overfull \hbox (29.46577pt too wide) in paragraph at lines 3460--3460
\TU/lmr/m/n/10.95 ear_model_plot_nnls.py‘.  
 []


Package longtable Warning: Column widths have changed
(longtable)                in none 10 on input line 3462.

[74] [75] [76]
Overfull \hbox (41.9444pt too wide) in paragraph at lines 3509--3509
\TU/lmr/m/n/10.95 :func:‘scipy.sparse.linalg.lsqr‘ 
 []


Overfull \hbox (21.22723pt too wide) in paragraph at lines 3536--3536
\TU/lmr/m/n/10.95 :ref:‘sphx_glr_auto_ex- 
 []


Overfull \hbox (29.46577pt too wide) in paragraph at lines 3536--3536
\TU/lmr/m/n/10.95 ear_model_plot_nnls.py‘.  
 []

[77]

Package longtable Warning: Column widths have changed
(longtable)                in none 11 on input line 3538.

[78] [79] [80] [81]
Overfull \hbox (959.53215pt too wide) in alignment at lines 3574--3582
 [][][][][][][][][][][][][][][] 
 []


Overfull \hbox (959.53215pt too wide) in alignment at lines 3582--3584
 [][][][][][][][][][][][][][][] 
 []


Overfull \hbox (1039.99277pt too wide) in alignment at lines 3584--3591
 [][][][][][][][][][][][][][][] 
 []


Package longtable Warning: Column widths have changed
(longtable)                in none 12 on input line 3591.

[82] [83]

Package longtable Warning: Column widths have changed
(longtable)                in none 13 on input line 3725.

[84]

Package longtable Warning: Column widths have changed
(longtable)                in none 14 on input line 3751.

[85]
Underfull \hbox (badness 1097) in paragraph at lines 3830--3831
[]\TU/lmr/m/n/10.95 We could use \TU/lmtt/m/n/10.95 pd.get_dummies() \TU/lmr/m/
n/10.95 to di-rectly mod-ify the
 []


Package longtable Warning: Column widths have changed
(longtable)                in none 15 on input line 3852.

[86]

Package longtable Warning: Column widths have changed
(longtable)                in none 16 on input line 3885.


Package longtable Warning: Column widths have changed
(longtable)                in none 17 on input line 3912.

[87] [88] [89]

Package longtable Warning: Column widths have changed
(longtable)                in none 18 on input line 4030.

[90]
LaTeX Font Info:    Font shape `TU/lmtt/bx/n' in size <12> not available
(Font)              Font shape `TU/lmtt/b/n' tried instead on input line 4101.
[91]
Underfull \hbox (badness 10000) in paragraph at lines 4138--4138
[]\TU/lmtt/m/n/10.95 array([[ 0.        ,  0.        ,  1.        , -
 []


Underfull \hbox (badness 10000) in paragraph at lines 4139--4139
[]       \TU/lmtt/m/n/10.95 [ 0.        ,  0.        ,  2.        , -
 []


Underfull \hbox (badness 10000) in paragraph at lines 4140--4140
[]       \TU/lmtt/m/n/10.95 [ 1.        ,  0.        ,  3.        , -
 []


Overfull \hbox (46.20908pt too wide) in paragraph at lines 4141--4141
[]       \TU/lmtt/m/n/10.95 [ 1.        ,  0.        ,  4.        ,  0.29277002]
,[] 
 []


Overfull \hbox (46.20908pt too wide) in paragraph at lines 4142--4142
[]       \TU/lmtt/m/n/10.95 [ 0.        ,  1.        ,  5.        ,  0.87831007]
,[] 
 []


Overfull \hbox (51.95782pt too wide) in paragraph at lines 4143--4143
[]       \TU/lmtt/m/n/10.95 [ 0.        ,  1.        ,  6.        ,  1.46385011]
])[] 
 []


Overfull \hbox (28.96283pt too wide) in paragraph at lines 4155--4155
[]\TU/lmtt/m/n/10.95 {'cat': OneHotEncoder(drop='first', sparse_output=False),[
] 
 []


Overfull \hbox (80.70157pt too wide) in paragraph at lines 4156--4156
[] \TU/lmtt/m/n/10.95 'x': FunctionTransformer(accept_sparse=True, check_inverse
=False,[] 
 []


Underfull \hbox (badness 10000) in paragraph at lines 4157--4157
[]                     \TU/lmtt/m/n/10.95 feature_names_out='one-to-
 []

[92]

Package longtable Warning: Column widths have changed
(longtable)                in none 19 on input line 4202.

[93]
Underfull \hbox (badness 2158) in paragraph at lines 4227--4230
[]\TU/lmr/m/n/10.95 Trans-form-ers: \TU/lmtt/m/n/10.95 StandardScaler\TU/lmr/m/
n/10.95 , \TU/lmtt/m/n/10.95 MinMaxScaler\TU/lmr/m/n/10.95 ,
 []


Underfull \hbox (badness 10000) in paragraph at lines 4246--4248
[]\TU/lmr/m/n/10.95 For trans-form-ers, the com-bined method
 []

LaTeX Font Info:    Font shape `TU/latinmodern-math.otf(1)/m/n' will be
(Font)              scaled to size 14.4pt on input line 4252.
LaTeX Font Info:    Font shape `TU/latinmodern-math.otf(1)/m/n' will be
(Font)              scaled to size 10.0pt on input line 4252.
LaTeX Font Info:    Font shape `TU/latinmodern-math.otf(1)/m/n' will be
(Font)              scaled to size 7.0pt on input line 4252.
LaTeX Font Info:    Font shape `TU/latinmodern-math.otf(2)/m/n' will be
(Font)              scaled to size 14.4pt on input line 4252.
LaTeX Font Info:    Font shape `TU/latinmodern-math.otf(2)/m/n' will be
(Font)              scaled to size 10.0pt on input line 4252.
LaTeX Font Info:    Font shape `TU/latinmodern-math.otf(2)/m/n' will be
(Font)              scaled to size 7.0pt on input line 4252.
LaTeX Font Info:    Font shape `TU/latinmodern-math.otf(3)/m/n' will be
(Font)              scaled to size 14.4pt on input line 4252.
LaTeX Font Info:    Font shape `TU/latinmodern-math.otf(3)/m/n' will be
(Font)              scaled to size 10.0pt on input line 4252.
LaTeX Font Info:    Font shape `TU/latinmodern-math.otf(3)/m/n' will be
(Font)              scaled to size 7.0pt on input line 4252.
(c:/texlive/2026/texmf-dist/tex/latex/microtype/mt-msa.cfg
File: mt-msa.cfg 2006/02/04 v1.1 microtype config. file: AMS symbols (a) (RS)
) (c:/texlive/2026/texmf-dist/tex/latex/microtype/mt-msb.cfg
File: mt-msb.cfg 2005/06/01 v1.0 microtype config. file: AMS symbols (b) (RS)
) [94]
Overfull \hbox (69.20407pt too wide) in paragraph at lines 4307--4307
[]\TU/lmtt/m/n/10.95 {'scaler': StandardScaler(), 'linear_model': LinearRegressi
on()}[] 
 []

[95]

Package longtable Warning: Column widths have changed
(longtable)                in none 20 on input line 4351.

[96] [97]
Underfull \hbox (badness 1215) in paragraph at lines 4424--4431
\TU/lmr/m/n/10.95 trans-former has an \TU/lmtt/m/n/10.95 .inverse_transform() \
TU/lmr/m/n/10.95 method (e.g.,
 []

[98]
Underfull \hbox (badness 1655) in paragraph at lines 4476--4479
[]\TU/lmr/m/n/10.95 Nu-meric fea-tures go through: \TU/lmtt/m/n/10.95 StandardSc
aler \TU/lmr/m/n/10.95 →
 []

<contents/1/lr_files/figure-latex/mermaid-figure-1.png, id=1943, 2942.995pt x 2
878.755pt>
File: contents/1/lr_files/figure-latex/mermaid-figure-1.png Graphic file (type 
png)
<use contents/1/lr_files/figure-latex/mermaid-figure-1.png>
Package luatex.def Info: contents/1/lr_files/figure-latex/mermaid-figure-1.png 
 used on input line 4491.
(luatex.def)             Requested size: 705.3453pt x 690.16858pt.

Overfull \hbox (417.57945pt too wide) in paragraph at lines 4491--4492
[][] 
 []

[99]
Overfull \vbox (133.69202pt too high) has occurred while \output is active []

[100<./contents/1/lr_files/figure-latex/mermaid-figure-1.png>] [101] [102]
chapter 4.
[103

]
warning  (pdf backend): ignoring duplicate destination with the name 'thm-'
[104] [105] [106]

LaTeX Warning: Reference `sec-scaling' on page 107 undefined on input line 4802
.

[107] [108]
Underfull \hbox (badness 5091) in paragraph at lines 4923--4925
[]\TU/lmr/m/n/10.95 This re-la-tion-ship is con-sis-tent with the Karush--
 []

[109] [110] [111] [112]
warning  (pdf backend): ignoring duplicate destination with the name 'def-'

warning  (pdf backend): ignoring duplicate destination with the name 'thm-'

Overfull \hbox (31.156pt too wide) detected at line 5134
[]
 []

[113]
Overfull \hbox (78.61368pt too wide) detected at line 5178
\TU/latinmodern-math.otf(1)/m/n/10.95 (𝑓(𝑥) − [](𝑥))[] = (𝑓(𝑥) 
− 𝑚(𝑥))[] + (𝑚(𝑥) − [](𝑥))[] + 2[][].
 []


Overfull \hbox (125.47342pt too wide) detected at line 5188
[] [] \TU/latinmodern-math.otf(1)/m/n/10.95 = (𝑓(𝑥) − 𝑚(𝑥))[] + [
] [] + 2[] [][𝑚(𝑥) − [](𝑥)].
 []


Overfull \hbox (6.6477pt too wide) detected at line 5204
[] [] \TU/latinmodern-math.otf(1)/m/n/10.95 = [][] + [] [].
 []

[114] [115]
Underfull \hbox (badness 1132) in paragraph at lines 5301--5303
[]\TU/lmr/m/n/10.95 For sim-plic-ity, we use a no-intercept model, so we set
 []

[116] [117]

Package longtable Warning: Column widths have changed
(longtable)                in none 21 on input line 5391.

<contents/1/shrinkage_files/figure-pdf/cell-7-output-1.pdf, id=2046, 344.32076p
t x 226.23834pt>
File: contents/1/shrinkage_files/figure-pdf/cell-7-output-1.pdf Graphic file (t
ype pdf)
<use contents/1/shrinkage_files/figure-pdf/cell-7-output-1.pdf>
Package luatex.def Info: contents/1/shrinkage_files/figure-pdf/cell-7-output-1.
pdf  used on input line 5404.
(luatex.def)             Requested size: 344.3199pt x 226.23778pt.

Overfull \hbox (10.9554pt too wide) in paragraph at lines 5404--5405
[][] 
 []

LaTeX Font Info:    Font shape `TU/latinmodern-math.otf(1)/b/n' will be
(Font)              scaled to size 10.95pt on input line 5410.
LaTeX Font Info:    Font shape `TU/latinmodern-math.otf(1)/b/n' will be
(Font)              scaled to size 7.665pt on input line 5410.
LaTeX Font Info:    Font shape `TU/latinmodern-math.otf(1)/b/n' will be
(Font)              scaled to size 5.475pt on input line 5410.
LaTeX Font Info:    Font shape `TU/latinmodern-math.otf(2)/b/n' will be
(Font)              scaled to size 10.95pt on input line 5410.
LaTeX Font Info:    Font shape `TU/latinmodern-math.otf(2)/b/n' will be
(Font)              scaled to size 7.665pt on input line 5410.
LaTeX Font Info:    Font shape `TU/latinmodern-math.otf(2)/b/n' will be
(Font)              scaled to size 5.475pt on input line 5410.
LaTeX Font Info:    Font shape `TU/latinmodern-math.otf(3)/b/n' will be
(Font)              scaled to size 10.95pt on input line 5410.
LaTeX Font Info:    Font shape `TU/latinmodern-math.otf(3)/b/n' will be
(Font)              scaled to size 7.665pt on input line 5410.
LaTeX Font Info:    Font shape `TU/latinmodern-math.otf(3)/b/n' will be
(Font)              scaled to size 5.475pt on input line 5410.
[118<./contents/1/shrinkage_files/figure-pdf/cell-7-output-1.pdf>] [119]
<contents/1/shrinkage_files/figure-pdf/cell-9-output-1.pdf, id=2087, 426.35222p
t x 353.6782pt>
File: contents/1/shrinkage_files/figure-pdf/cell-9-output-1.pdf Graphic file (t
ype pdf)
<use contents/1/shrinkage_files/figure-pdf/cell-9-output-1.pdf>
Package luatex.def Info: contents/1/shrinkage_files/figure-pdf/cell-9-output-1.
pdf  used on input line 5461.
(luatex.def)             Requested size: 426.35117pt x 353.67734pt.

Overfull \hbox (10.95189pt too wide) in paragraph at lines 5461--5462
[][] 
 []

[120<./contents/1/shrinkage_files/figure-pdf/cell-9-output-1.pdf>] [121]
<contents/1/shrinkage_files/figure-pdf/cell-10-output-1.pdf, id=2146, 721.2659p
t x 569.7605pt>
File: contents/1/shrinkage_files/figure-pdf/cell-10-output-1.pdf Graphic file (
type pdf)
<use contents/1/shrinkage_files/figure-pdf/cell-10-output-1.pdf>
Package luatex.def Info: contents/1/shrinkage_files/figure-pdf/cell-10-output-1
.pdf  used on input line 5527.
(luatex.def)             Requested size: 721.26413pt x 569.7591pt.

Overfull \hbox (10.94861pt too wide) in paragraph at lines 5527--5528
[][] 
 []


Underfull \hbox (badness 10000) in paragraph at lines 5573--5573
[]\TU/lmtt/m/n/10.95 eigenvalue:  0.26, eigenbasis: [ 0.70320986 -
 []


Underfull \hbox (badness 10000) in paragraph at lines 5574--5574
[]\TU/lmtt/m/n/10.95 eigenvalue:  95.19, eigenbasis: [-0.71098234 -
 []

<contents/1/shrinkage_files/figure-pdf/cell-12-output-1.pdf, id=2147, 426.39238
pt x 353.5496pt>
File: contents/1/shrinkage_files/figure-pdf/cell-12-output-1.pdf Graphic file (
type pdf)
<use contents/1/shrinkage_files/figure-pdf/cell-12-output-1.pdf>
Package luatex.def Info: contents/1/shrinkage_files/figure-pdf/cell-12-output-1
.pdf  used on input line 5618.
(luatex.def)             Requested size: 426.39133pt x 353.54874pt.
[122<./contents/1/shrinkage_files/figure-pdf/cell-10-output-1.pdf>] [123] [124]
LaTeX Font Info:    Font shape `TU/latinmodern-math.otf(1)/m/n' will be
(Font)              scaled to size 12.0pt on input line 5623.
LaTeX Font Info:    Font shape `TU/latinmodern-math.otf(1)/m/n' will be
(Font)              scaled to size 8.0pt on input line 5623.
LaTeX Font Info:    Font shape `TU/latinmodern-math.otf(1)/m/n' will be
(Font)              scaled to size 6.0pt on input line 5623.
LaTeX Font Info:    Font shape `TU/latinmodern-math.otf(2)/m/n' will be
(Font)              scaled to size 12.0pt on input line 5623.
LaTeX Font Info:    Font shape `TU/latinmodern-math.otf(2)/m/n' will be
(Font)              scaled to size 8.0pt on input line 5623.
LaTeX Font Info:    Font shape `TU/latinmodern-math.otf(2)/m/n' will be
(Font)              scaled to size 6.0pt on input line 5623.
LaTeX Font Info:    Font shape `TU/latinmodern-math.otf(3)/m/n' will be
(Font)              scaled to size 12.0pt on input line 5623.
LaTeX Font Info:    Font shape `TU/latinmodern-math.otf(3)/m/n' will be
(Font)              scaled to size 8.0pt on input line 5623.
LaTeX Font Info:    Font shape `TU/latinmodern-math.otf(3)/m/n' will be
(Font)              scaled to size 6.0pt on input line 5623.
[125<./contents/1/shrinkage_files/figure-pdf/cell-12-output-1.pdf>] [126]
Overfull \hbox (63.33214pt too wide) in paragraph at lines 5758--5761
[]\TU/lmr/m/n/10.95 The val-i-da-tion curve can also be drawn us-ing \TU/lmtt/m
/n/10.95 GridSearchCV.cv_results_\TU/lmr/m/n/10.95 .
 []

[127]
<contents/1/shrinkage_files/figure-pdf/cell-14-output-1.pdf, id=2293, 367.62657
pt x 256.19402pt>
File: contents/1/shrinkage_files/figure-pdf/cell-14-output-1.pdf Graphic file (
type pdf)
<use contents/1/shrinkage_files/figure-pdf/cell-14-output-1.pdf>
Package luatex.def Info: contents/1/shrinkage_files/figure-pdf/cell-14-output-1
.pdf  used on input line 5767.
(luatex.def)             Requested size: 367.62567pt x 256.19337pt.

Overfull \hbox (10.94682pt too wide) in paragraph at lines 5767--5768
[][] 
 []

[128<./contents/1/shrinkage_files/figure-pdf/cell-14-output-1.pdf>]
<contents/1/shrinkage_files/figure-pdf/cell-15-output-1.pdf, id=2339, 364.8694p
t x 256.19402pt>
File: contents/1/shrinkage_files/figure-pdf/cell-15-output-1.pdf Graphic file (
type pdf)
<use contents/1/shrinkage_files/figure-pdf/cell-15-output-1.pdf>
Package luatex.def Info: contents/1/shrinkage_files/figure-pdf/cell-15-output-1
.pdf  used on input line 5816.
(luatex.def)             Requested size: 364.8685pt x 256.19337pt.

Overfull \hbox (10.96689pt too wide) in paragraph at lines 5816--5817
[][] 
 []

[129<./contents/1/shrinkage_files/figure-pdf/cell-15-output-1.pdf>]
warning  (pdf backend): ignoring duplicate destination with the name 'thm-'
[130] [131] [132] [133]
<contents/1/shrinkage_files/figure-pdf/cell-16-output-1.pdf, id=2413, 715.44414
pt x 282.61569pt>
File: contents/1/shrinkage_files/figure-pdf/cell-16-output-1.pdf Graphic file (
type pdf)
<use contents/1/shrinkage_files/figure-pdf/cell-16-output-1.pdf>
Package luatex.def Info: contents/1/shrinkage_files/figure-pdf/cell-16-output-1
.pdf  used on input line 6067.
(luatex.def)             Requested size: 715.4424pt x 282.61499pt.

Overfull \hbox (10.95012pt too wide) in paragraph at lines 6067--6068
[][] 
 []

[134<./contents/1/shrinkage_files/figure-pdf/cell-16-output-1.pdf>]
warning  (pdf backend): ignoring duplicate destination with the name 'thm-'

Overfull \hbox (24.56439pt too wide) detected at line 6098
[]\TU/latinmodern-math.otf(1)/b/n/10.95 (𝛽) = [][] + 𝜆[] = ([] 𝑥[])
𝛽[] − 2([] 𝑥[]𝑦[])𝛽 + [] 𝑦[] + 𝜆[].
 []

[135] [136] [137] [138] [139] [140] [141]
<contents/1/shrinkage_files/figure-pdf/cell-23-output-1.pdf, id=2488, 715.037pt
 x 354.52136pt>
File: contents/1/shrinkage_files/figure-pdf/cell-23-output-1.pdf Graphic file (
type pdf)
<use contents/1/shrinkage_files/figure-pdf/cell-23-output-1.pdf>
Package luatex.def Info: contents/1/shrinkage_files/figure-pdf/cell-23-output-1
.pdf  used on input line 6446.
(luatex.def)             Requested size: 715.03525pt x 354.5205pt.

Overfull \hbox (10.94379pt too wide) in paragraph at lines 6446--6447
[][] 
 []

[142<./contents/1/shrinkage_files/figure-pdf/cell-23-output-1.pdf>] [143]
Underfull \vbox (badness 10000) detected at line 6571
 []


Underfull \vbox (badness 10000) detected at line 6571
 []

[144]
<contents/1/shrinkage_files/figure-pdf/cell-26-output-1.pdf, id=2534, 715.037pt
 x 354.52136pt>
File: contents/1/shrinkage_files/figure-pdf/cell-26-output-1.pdf Graphic file (
type pdf)
<use contents/1/shrinkage_files/figure-pdf/cell-26-output-1.pdf>
Package luatex.def Info: contents/1/shrinkage_files/figure-pdf/cell-26-output-1
.pdf  used on input line 6573.
(luatex.def)             Requested size: 715.03525pt x 354.5205pt.

Overfull \hbox (10.94379pt too wide) in paragraph at lines 6573--6574
[][] 
 []

[145<./contents/1/shrinkage_files/figure-pdf/cell-26-output-1.pdf>] [146]
<contents/1/shrinkage_files/figure-pdf/cell-27-output-1.pdf, id=2577, 716.25217
pt x 318.38637pt>
File: contents/1/shrinkage_files/figure-pdf/cell-27-output-1.pdf Graphic file (
type pdf)
<use contents/1/shrinkage_files/figure-pdf/cell-27-output-1.pdf>
Package luatex.def Info: contents/1/shrinkage_files/figure-pdf/cell-27-output-1
.pdf  used on input line 6677.
(luatex.def)             Requested size: 716.25043pt x 318.38559pt.

Overfull \hbox (10.94868pt too wide) in paragraph at lines 6677--6678
[][] 
 []

[147<./contents/1/shrinkage_files/figure-pdf/cell-27-output-1.pdf>]
Underfull \hbox (badness 1661) in paragraph at lines 6744--6747
[]\TU/lmtt/m/n/10.95 alpha \TU/lmr/m/n/10.95 cor-re-sponds to $\TU/latinmodern-
math.otf(1)/b/n/10.95 𝜆$\TU/lmr/m/n/10.95 , the over-all reg-u-lar-iza-tion
 []

[148]

LaTeX Warning: Hyper reference `caution-cv-preprocessing-leakage' on page 149 u
ndefined on input line 6783.


Underfull \hbox (badness 3138) in paragraph at lines 6782--6786
[]\TU/lmr/m/n/10.95 As noted in the ear-lier cau-tion, pre-pro-cess-ing should
 []


Underfull \hbox (badness 2495) in paragraph at lines 6782--6786
\TU/lmr/m/n/10.95 be per-formed sep-a-rately within each fold. There-fore,
 []


Underfull \hbox (badness 5217) in paragraph at lines 6782--6786
\TU/lmr/m/n/10.95 we use \TU/lmtt/m/n/10.95 GridSearchCV \TU/lmr/m/n/10.95 with \TU/lmtt/m/n/10.95 ElasticNet \TU/lmr/m/n/10.95 in-stead of a
 []

[149] [150]
Overfull \hbox (50.06743pt too wide) in alignment at lines 6885--6890
 [][][][][][][] 
 []


Overfull \hbox (50.06743pt too wide) in alignment at lines 6890--6892
 [][][][][][][] 
 []


Overfull \hbox (89.2904pt too wide) in alignment at lines 6892--6897
 [][][][][][][] 
 []


Package longtable Warning: Column widths have changed
(longtable)                in none 22 on input line 6897.

[151] [152]
chapter 5.
[153

] [154]
warning  (pdf backend): ignoring duplicate destination with the name 'exm-'
<contents/1/dr_files/figure-pdf/cell-2-output-1.pdf, id=2667, 356.63089pt x 239
.67918pt>
File: contents/1/dr_files/figure-pdf/cell-2-output-1.pdf Graphic file (type pdf
)
<use contents/1/dr_files/figure-pdf/cell-2-output-1.pdf>
Package luatex.def Info: contents/1/dr_files/figure-pdf/cell-2-output-1.pdf  us
ed on input line 7098.
(luatex.def)             Requested size: 356.63pt x 239.67859pt.
[155] [156<./contents/1/dr_files/figure-pdf/cell-2-output-1.pdf>] [157]
<contents/1/dr_files/figure-pdf/cell-4-output-1.pdf, id=2704, 890.13177pt x 282
.68486pt>
File: contents/1/dr_files/figure-pdf/cell-4-output-1.pdf Graphic file (type pdf
)
<use contents/1/dr_files/figure-pdf/cell-4-output-1.pdf>
Package luatex.def Info: contents/1/dr_files/figure-pdf/cell-4-output-1.pdf  us
ed on input line 7225.
(luatex.def)             Requested size: 890.1296pt x 282.68416pt.
[158<./contents/1/dr_files/figure-pdf/cell-4-output-1.pdf>]
Underfull \hbox (badness 10000) in paragraph at lines 7253--7255

 []

[159] [160]
Underfull \hbox (badness 1142) in paragraph at lines 7367--7369
\TU/lmr/m/n/10.95 In pre-dic-tive set-tings, $\TU/latinmodern-math.otf(1)/b/n/1
0.95 𝑚$ \TU/lmr/m/n/10.95 is typ-i-cally se-lected via cross-
 []

[161] [162]
<contents/1/dr_files/figure-pdf/cell-8-output-2.pdf, id=2778, 371.98662pt x 254
.8609pt>
File: contents/1/dr_files/figure-pdf/cell-8-output-2.pdf Graphic file (type pdf
)
<use contents/1/dr_files/figure-pdf/cell-8-output-2.pdf>
Package luatex.def Info: contents/1/dr_files/figure-pdf/cell-8-output-2.pdf  us
ed on input line 7493.
(luatex.def)             Requested size: 371.9857pt x 254.86028pt.

Overfull \hbox (10.95905pt too wide) in paragraph at lines 7493--7494
[][] 
 []

[163] [164<./contents/1/dr_files/figure-pdf/cell-8-output-2.pdf>] [165]
<contents/1/dr_files/figure-pdf/cell-12-output-1.pdf, id=2840, 363.47043pt x 22
5.95604pt>
File: contents/1/dr_files/figure-pdf/cell-12-output-1.pdf Graphic file (type pd
f)
<use contents/1/dr_files/figure-pdf/cell-12-output-1.pdf>
Package luatex.def Info: contents/1/dr_files/figure-pdf/cell-12-output-1.pdf  u
sed on input line 7604.
(luatex.def)             Requested size: 363.46953pt x 225.95547pt.

Overfull \hbox (10.94734pt too wide) in paragraph at lines 7604--7605
[][] 
 []

[166<./contents/1/dr_files/figure-pdf/cell-12-output-1.pdf>] [167]
Underfull \hbox (badness 10000) in paragraph at lines 7702--7704

 []


Underfull \hbox (badness 10000) in paragraph at lines 7704--7706

 []


Underfull \hbox (badness 10000) in paragraph at lines 7706--7708

 []


Overfull \hbox (23.70842pt too wide) in alignment at lines 7720--7724
 [][] 
 []


Package longtable Warning: Column widths have changed
(longtable)                in none 24 on input line 7724.

[168]
Overfull \hbox (11.77594pt too wide) in paragraph at lines 7742--7743
[]\TU/lmr/m/n/10.95 Method  
 []

[169] [170] [171] [172]
<contents/1/dr_files/figure-pdf/cell-18-output-1.pdf, id=2910, 363.47043pt x 22
5.95604pt>
File: contents/1/dr_files/figure-pdf/cell-18-output-1.pdf Graphic file (type pd
f)
<use contents/1/dr_files/figure-pdf/cell-18-output-1.pdf>
Package luatex.def Info: contents/1/dr_files/figure-pdf/cell-18-output-1.pdf  u
sed on input line 7966.
(luatex.def)             Requested size: 363.46953pt x 225.95547pt.

Overfull \hbox (10.94734pt too wide) in paragraph at lines 7966--7967
[][] 
 []

[173]
Overfull \hbox (8.83342pt too wide) in alignment at lines 7997--8003
 [][][][] 
 []


Package longtable Warning: Column widths have changed
(longtable)                in none 26 on input line 8003.

[174<./contents/1/dr_files/figure-pdf/cell-18-output-1.pdf>] [175]
Overfull \hbox (25.25844pt too wide) in alignment at lines 8089--8094
 [][][][] 
 []


Package longtable Warning: Column widths have changed
(longtable)                in none 27 on input line 8094.

[176]
chapter 6.

LaTeX Warning: Reference `sec-cla_dec' on page 177 undefined on input line 8129
.

[177

]
warning  (pdf backend): ignoring duplicate destination with the name 'exm-'
[178]
warning  (pdf backend): ignoring duplicate destination with the name 'def-'
[179]
<contents/1/logistic_files/figure-pdf/cell-2-output-1.pdf, id=2976, 345.49702pt
 x 225.95604pt>
File: contents/1/logistic_files/figure-pdf/cell-2-output-1.pdf Graphic file (ty
pe pdf)
<use contents/1/logistic_files/figure-pdf/cell-2-output-1.pdf>
Package luatex.def Info: contents/1/logistic_files/figure-pdf/cell-2-output-1.p
df  used on input line 8316.
(luatex.def)             Requested size: 345.49617pt x 225.95547pt.

Overfull \hbox (10.96896pt too wide) in paragraph at lines 8316--8317
[][] 
 []

[180<./contents/1/logistic_files/figure-pdf/cell-2-output-1.pdf>] [181]
warning  (pdf backend): ignoring duplicate destination with the name 'exm-'
[182] [183] [184] [185]
LaTeX Font Info:    Font shape `TU/lmtt/bx/n' in size <14.4> not available
(Font)              Font shape `TU/lmtt/b/n' tried instead on input line 8611.

Overfull \hbox (16.11409pt too wide) in paragraph at lines 8613--8620
\TU/lmr/m/n/10.95 We usu-ally use \TU/lmtt/m/n/10.95 LogisticRegression \TU/lmr
/m/n/10.95 from \TU/lmtt/m/n/10.95 sklearn.linear_model
 []

[186]
Underfull \hbox (badness 3312) in paragraph at lines 8707--8709
[]\TU/lmr/m/n/10.95 The de-fault set-ting for \TU/lmtt/m/n/10.95 LogisticRegress
ion() \TU/lmr/m/n/10.95 is that
 []

[187] [188]
Overfull \hbox (23.21408pt too wide) in paragraph at lines 8789--8789
[]\TU/lmtt/m/n/10.95 {'logisticregression__C': np.float64(2.976351441631316)}[]
 
 []


LaTeX Warning: Reference `sec-cla_dec' on page 189 undefined on input line 8795
.

[189] [190] [191] [192] [193] [194] [195]
Overfull \hbox (0.21909pt too wide) in paragraph at lines 9110--9110
[]\TU/lmtt/m/n/10.95 array([[3.32849861e-02, 4.58338942e-02, 9.20881120e-
 []


Overfull \hbox (0.21909pt too wide) in paragraph at lines 9111--9111
[]       \TU/lmtt/m/n/10.95 [7.81045388e-02, 3.03513972e-02, 8.91544064e-
 []


Overfull \hbox (0.21909pt too wide) in paragraph at lines 9112--9112
[]       \TU/lmtt/m/n/10.95 [1.29661355e-02, 5.23981366e-05, 9.86981466e-
 []


Overfull \hbox (0.21909pt too wide) in paragraph at lines 9113--9113
[]       \TU/lmtt/m/n/10.95 [7.03100543e-03, 9.90470483e-01, 2.49851168e-
 []


Overfull \hbox (0.21909pt too wide) in paragraph at lines 9114--9114
[]       \TU/lmtt/m/n/10.95 [3.96520174e-02, 9.59921408e-01, 4.26574383e-
 []

<contents/1/logistic_files/figure-pdf/cell-15-output-1.pdf, id=3091, 290.87056p
t x 239.67918pt>
File: contents/1/logistic_files/figure-pdf/cell-15-output-1.pdf Graphic file (t
ype pdf)
<use contents/1/logistic_files/figure-pdf/cell-15-output-1.pdf>
Package luatex.def Info: contents/1/logistic_files/figure-pdf/cell-15-output-1.
pdf  used on input line 9156.
(luatex.def)             Requested size: 290.86984pt x 239.67859pt.

Overfull \hbox (3.10399pt too wide) in paragraph at lines 9156--9157
[][] 
 []

[196]
Overfull \hbox (5.96783pt too wide) in paragraph at lines 9169--9169
[]              \TU/lmtt/m/n/10.95 precision    recall  f1-score   support[] 
 []


Overfull \hbox (5.96783pt too wide) in paragraph at lines 9171--9171
[]           \TU/lmtt/m/n/10.95 0       0.89      0.94      0.92        18[] 
 []


Overfull \hbox (5.96783pt too wide) in paragraph at lines 9172--9172
[]           \TU/lmtt/m/n/10.95 1       0.90      0.90      0.90        21[] 
 []


Overfull \hbox (5.96783pt too wide) in paragraph at lines 9173--9173
[]           \TU/lmtt/m/n/10.95 2       1.00      0.93      0.97        15[] 
 []


Overfull \hbox (5.96783pt too wide) in paragraph at lines 9175--9175
[]    \TU/lmtt/m/n/10.95 accuracy                           0.93        54[] 
 []


Overfull \hbox (5.96783pt too wide) in paragraph at lines 9176--9176
[]   \TU/lmtt/m/n/10.95 macro avg       0.93      0.93      0.93        54[] 
 []


Overfull \hbox (5.96783pt too wide) in paragraph at lines 9177--9177
[]\TU/lmtt/m/n/10.95 weighted avg       0.93      0.93      0.93        54[] 
 []

[197<./contents/1/logistic_files/figure-pdf/cell-15-output-1.pdf>] [198]
part III.
Package scrkbase Info: You've told me to use the font selection of the element
(scrkbase)             `partprefix' that is an alias of element `partnumber'
(scrkbase)              on input line 9198.
[199

]
chapter 7.
[200

] [201] [202]
Underfull \hbox (badness 10000) in paragraph at lines 9407--9409
[]\TU/lmr/m/n/10.95 In prac-tice, KNN is of-ten com-bined with
 []

[203] [204] [205]
<contents/2/knn_files/figure-pdf/cell-5-output-1.pdf, id=3188, 344.32076pt x 24
1.13776pt>
File: contents/2/knn_files/figure-pdf/cell-5-output-1.pdf Graphic file (type pd
f)
<use contents/2/knn_files/figure-pdf/cell-5-output-1.pdf>
Package luatex.def Info: contents/2/knn_files/figure-pdf/cell-5-output-1.pdf  u
sed on input line 9539.
(luatex.def)             Requested size: 344.3199pt x 241.13716pt.

Overfull \hbox (10.9554pt too wide) in paragraph at lines 9539--9540
[][] 
 []

[206<./contents/2/knn_files/figure-pdf/cell-5-output-1.pdf>]
<contents/2/knn_files/figure-pdf/cell-6-output-1.pdf, id=3227, 708.38087pt x 49
1.55331pt>
File: contents/2/knn_files/figure-pdf/cell-6-output-1.pdf Graphic file (type pd
f)
<use contents/2/knn_files/figure-pdf/cell-6-output-1.pdf>
Package luatex.def Info: contents/2/knn_files/figure-pdf/cell-6-output-1.pdf  u
sed on input line 9578.
(luatex.def)             Requested size: 708.37914pt x 491.55211pt.

Overfull \hbox (10.94107pt too wide) in paragraph at lines 9578--9579
[][] 
 []

[207] [208<./contents/2/knn_files/figure-pdf/cell-6-output-1.pdf>]
<contents/2/knn_files/figure-pdf/cell-8-output-1.pdf, id=3266, 359.22017pt x 25
4.8609pt>
File: contents/2/knn_files/figure-pdf/cell-8-output-1.pdf Graphic file (type pd
f)
<use contents/2/knn_files/figure-pdf/cell-8-output-1.pdf>
Package luatex.def Info: contents/2/knn_files/figure-pdf/cell-8-output-1.pdf  u
sed on input line 9626.
(luatex.def)             Requested size: 359.21928pt x 254.86028pt.

Overfull \hbox (10.94589pt too wide) in paragraph at lines 9626--9627
[][] 
 []

<contents/2/knn_files/figure-pdf/cell-9-output-1.pdf, id=3267, 344.32076pt x 24
1.13776pt>
File: contents/2/knn_files/figure-pdf/cell-9-output-1.pdf Graphic file (type pd
f)
<use contents/2/knn_files/figure-pdf/cell-9-output-1.pdf>
Package luatex.def Info: contents/2/knn_files/figure-pdf/cell-9-output-1.pdf  u
sed on input line 9642.
(luatex.def)             Requested size: 344.3199pt x 241.13716pt.

Overfull \hbox (10.9554pt too wide) in paragraph at lines 9642--9643
[][] 
 []

[209<./contents/2/knn_files/figure-pdf/cell-8-output-1.pdf>] [210<./contents/2/k
nn_files/figure-pdf/cell-9-output-1.pdf>]
<contents/2/knn_files/figure-pdf/cell-12-output-2.pdf, id=3355, 499.24329pt x 3
93.98065pt>
File: contents/2/knn_files/figure-pdf/cell-12-output-2.pdf Graphic file (type p
df)
<use contents/2/knn_files/figure-pdf/cell-12-output-2.pdf>
Package luatex.def Info: contents/2/knn_files/figure-pdf/cell-12-output-2.pdf  
used on input line 9709.
(luatex.def)             Requested size: 499.24207pt x 393.97968pt.

Overfull \hbox (10.9597pt too wide) in paragraph at lines 9709--9710
[][] 
 []

[211] [212<./contents/2/knn_files/figure-pdf/cell-12-output-2.pdf>]
<contents/2/knn_files/figure-pdf/cell-16-output-2.pdf, id=3409, 371.98662pt x 2
54.8609pt>
File: contents/2/knn_files/figure-pdf/cell-16-output-2.pdf Graphic file (type p
df)
<use contents/2/knn_files/figure-pdf/cell-16-output-2.pdf>
Package luatex.def Info: contents/2/knn_files/figure-pdf/cell-16-output-2.pdf  
used on input line 9791.
(luatex.def)             Requested size: 371.9857pt x 254.86028pt.

Overfull \hbox (10.95905pt too wide) in paragraph at lines 9791--9792
[][] 
 []

[213]
Overfull \hbox (53.65028pt too wide) in paragraph at lines 9795--9797
\TU/lmr/m/n/10.95 We can vi-su-al-ize the de-ci-sion bound-ary us-ing \TU/lmtt/
m/n/10.95 DecisionBoundaryDisplay\TU/lmr/m/n/10.95 . 
 []

[214<./contents/2/knn_files/figure-pdf/cell-16-output-2.pdf>]
<contents/2/knn_files/figure-pdf/cell-17-output-1.pdf, id=3452, 359.22017pt x 2
54.8609pt>
File: contents/2/knn_files/figure-pdf/cell-17-output-1.pdf Graphic file (type p
df)
<use contents/2/knn_files/figure-pdf/cell-17-output-1.pdf>
Package luatex.def Info: contents/2/knn_files/figure-pdf/cell-17-output-1.pdf  
used on input line 9825.
(luatex.def)             Requested size: 359.21928pt x 254.86028pt.

Overfull \hbox (10.94589pt too wide) in paragraph at lines 9825--9826
[][] 
 []

[215<./contents/2/knn_files/figure-pdf/cell-17-output-1.pdf>]
chapter 8.
[216

] [217] [218]
<contents/2/kernel_files/figure-pdf/cell-2-output-1.pdf, id=3518, 359.22017pt x
 239.67918pt>
File: contents/2/kernel_files/figure-pdf/cell-2-output-1.pdf Graphic file (type
 pdf)
<use contents/2/kernel_files/figure-pdf/cell-2-output-1.pdf>
Package luatex.def Info: contents/2/kernel_files/figure-pdf/cell-2-output-1.pdf
  used on input line 9996.
(luatex.def)             Requested size: 359.21928pt x 239.67859pt.

Overfull \hbox (10.94589pt too wide) in paragraph at lines 9996--9997
[][] 
 []

[219<./contents/2/kernel_files/figure-pdf/cell-2-output-1.pdf>]
<contents/2/kernel_files/figure-pdf/cell-3-output-1.pdf, id=3549, 359.22017pt x
 254.8609pt>
File: contents/2/kernel_files/figure-pdf/cell-3-output-1.pdf Graphic file (type
 pdf)
<use contents/2/kernel_files/figure-pdf/cell-3-output-1.pdf>
Package luatex.def Info: contents/2/kernel_files/figure-pdf/cell-3-output-1.pdf
  used on input line 10053.
(luatex.def)             Requested size: 359.21928pt x 254.86028pt.

Overfull \hbox (10.94589pt too wide) in paragraph at lines 10053--10054
[][] 
 []

[220] [221<./contents/2/kernel_files/figure-pdf/cell-3-output-1.pdf>]
<contents/2/kernel_files/figure-pdf/cell-5-output-1.pdf, id=3599, 359.22017pt x
 254.8609pt>
File: contents/2/kernel_files/figure-pdf/cell-5-output-1.pdf Graphic file (type
 pdf)
<use contents/2/kernel_files/figure-pdf/cell-5-output-1.pdf>
Package luatex.def Info: contents/2/kernel_files/figure-pdf/cell-5-output-1.pdf
  used on input line 10125.
(luatex.def)             Requested size: 359.21928pt x 254.86028pt.

Overfull \hbox (10.94589pt too wide) in paragraph at lines 10125--10126
[][] 
 []

[222]
warning  (pdf backend): ignoring duplicate destination with the name 'thm-'
[223<./contents/2/kernel_files/figure-pdf/cell-5-output-1.pdf>]
Overfull \hbox (162.09668pt too wide) detected at line 10205
[]
 []

[224]
warning  (pdf backend): ignoring duplicate destination with the name 'thm-'
[225]
Overfull \hbox (31.36604pt too wide) detected at line 10292
[] [] \TU/latinmodern-math.otf(1)/b/n/10.95 = [] [] − [][] .
 []

[226] [227] [228]
<contents/2/kernel_files/figure-pdf/cell-8-output-1.pdf, id=3668, 359.22017pt x
 254.8609pt>
File: contents/2/kernel_files/figure-pdf/cell-8-output-1.pdf Graphic file (type
 pdf)
<use contents/2/kernel_files/figure-pdf/cell-8-output-1.pdf>
Package luatex.def Info: contents/2/kernel_files/figure-pdf/cell-8-output-1.pdf
  used on input line 10501.
(luatex.def)             Requested size: 359.21928pt x 254.86028pt.

Overfull \hbox (10.94589pt too wide) in paragraph at lines 10501--10502
[][] 
 []

[229] [230<./contents/2/kernel_files/figure-pdf/cell-8-output-1.pdf>] [231] [23
2]
<contents/2/kernel_files/figure-pdf/cell-12-output-1.pdf, id=3733, 722.10402pt 
x 282.68486pt>
File: contents/2/kernel_files/figure-pdf/cell-12-output-1.pdf Graphic file (typ
e pdf)
<use contents/2/kernel_files/figure-pdf/cell-12-output-1.pdf>
Package luatex.def Info: contents/2/kernel_files/figure-pdf/cell-12-output-1.pd
f  used on input line 10658.
(luatex.def)             Requested size: 722.10225pt x 282.68416pt.

Overfull \hbox (10.94312pt too wide) in paragraph at lines 10658--10659
[][] 
 []

[233<./contents/2/kernel_files/figure-pdf/cell-12-output-1.pdf>] [234] [235]
<contents/2/kernel_files/figure-pdf/cell-15-output-1.pdf, id=3796, 358.0439pt x
 254.8609pt>
File: contents/2/kernel_files/figure-pdf/cell-15-output-1.pdf Graphic file (typ
e pdf)
<use contents/2/kernel_files/figure-pdf/cell-15-output-1.pdf>
Package luatex.def Info: contents/2/kernel_files/figure-pdf/cell-15-output-1.pd
f  used on input line 10862.
(luatex.def)             Requested size: 358.04301pt x 254.86028pt.

Overfull \hbox (10.9566pt too wide) in paragraph at lines 10862--10863
[][] 
 []

[236] [237<./contents/2/kernel_files/figure-pdf/cell-15-output-1.pdf>]
<contents/2/kernel_files/figure-pdf/cell-16-output-1.pdf, id=3858, 715.03763pt 
x 569.80052pt>
File: contents/2/kernel_files/figure-pdf/cell-16-output-1.pdf Graphic file (typ
e pdf)
<use contents/2/kernel_files/figure-pdf/cell-16-output-1.pdf>
Package luatex.def Info: contents/2/kernel_files/figure-pdf/cell-16-output-1.pd
f  used on input line 10915.
(luatex.def)             Requested size: 715.03587pt x 569.79912pt.

Overfull \hbox (10.94405pt too wide) in paragraph at lines 10915--10916
[][] 
 []

[238<./contents/2/kernel_files/figure-pdf/cell-16-output-1.pdf>]
<contents/2/kernel_files/figure-pdf/cell-17-output-1.pdf, id=3908, 834.12253pt 
x 282.68486pt>
File: contents/2/kernel_files/figure-pdf/cell-17-output-1.pdf Graphic file (typ
e pdf)
<use contents/2/kernel_files/figure-pdf/cell-17-output-1.pdf>
Package luatex.def Info: contents/2/kernel_files/figure-pdf/cell-17-output-1.pd
f  used on input line 10952.
(luatex.def)             Requested size: 834.12048pt x 282.68416pt.

Overfull \hbox (10.95251pt too wide) in paragraph at lines 10952--10953
[][] 
 []

[239<./contents/2/kernel_files/figure-pdf/cell-17-output-1.pdf>] [240]
<contents/2/kernel_files/figure-pdf/cell-19-output-1.pdf, id=3955, 358.0439pt x
 254.8609pt>
File: contents/2/kernel_files/figure-pdf/cell-19-output-1.pdf Graphic file (typ
e pdf)
<use contents/2/kernel_files/figure-pdf/cell-19-output-1.pdf>
Package luatex.def Info: contents/2/kernel_files/figure-pdf/cell-19-output-1.pd
f  used on input line 11033.
(luatex.def)             Requested size: 358.04301pt x 254.86028pt.

Overfull \hbox (10.9566pt too wide) in paragraph at lines 11033--11034
[][] 
 []

[241<./contents/2/kernel_files/figure-pdf/cell-19-output-1.pdf>]
<contents/2/kernel_files/figure-pdf/cell-21-output-1.pdf, id=4005, 358.0439pt x
 254.8609pt>
File: contents/2/kernel_files/figure-pdf/cell-21-output-1.pdf Graphic file (typ
e pdf)
<use contents/2/kernel_files/figure-pdf/cell-21-output-1.pdf>
Package luatex.def Info: contents/2/kernel_files/figure-pdf/cell-21-output-1.pd
f  used on input line 11095.
(luatex.def)             Requested size: 358.04301pt x 254.86028pt.

Overfull \hbox (10.9566pt too wide) in paragraph at lines 11095--11096
[][] 
 []

[242] [243<./contents/2/kernel_files/figure-pdf/cell-21-output-1.pdf>] [244]
Overfull \hbox (131.15271pt too wide) in paragraph at lines 11227--11229
\TU/lmr/m/n/10.95 In Python, LOWESS is avail-able from \TU/lmtt/m/n/10.95 statsm
odels.nonparametric.smoothers_lowess\TU/lmr/m/n/10.95 . 
 []

[245] [246]
Underfull \hbox (badness 10000) in paragraph at lines 11299--11304
[]\TU/lmr/m/n/10.95 We fit both or-di-nary LOWESS (\TU/lmtt/m/n/10.95 it=0\TU/l
mr/m/n/10.95 ) and ro-bust
 []

[247]
<contents/2/kernel_files/figure-pdf/cell-23-output-1.pdf, id=4075, 358.0439pt x
 254.8609pt>
File: contents/2/kernel_files/figure-pdf/cell-23-output-1.pdf Graphic file (typ
e pdf)
<use contents/2/kernel_files/figure-pdf/cell-23-output-1.pdf>
Package luatex.def Info: contents/2/kernel_files/figure-pdf/cell-23-output-1.pd
f  used on input line 11345.
(luatex.def)             Requested size: 358.04301pt x 254.86028pt.

Overfull \hbox (10.9566pt too wide) in paragraph at lines 11345--11346
[][] 
 []

[248<./contents/2/kernel_files/figure-pdf/cell-23-output-1.pdf>]
<contents/2/kernel_files/figure-pdf/cell-25-output-1.pdf, id=4131, 358.0439pt x
 254.8609pt>
File: contents/2/kernel_files/figure-pdf/cell-25-output-1.pdf Graphic file (typ
e pdf)
<use contents/2/kernel_files/figure-pdf/cell-25-output-1.pdf>
Package luatex.def Info: contents/2/kernel_files/figure-pdf/cell-25-output-1.pd
f  used on input line 11400.
(luatex.def)             Requested size: 358.04301pt x 254.86028pt.

Overfull \hbox (10.9566pt too wide) in paragraph at lines 11400--11401
[][] 
 []

[249] [250<./contents/2/kernel_files/figure-pdf/cell-25-output-1.pdf>]
<contents/2/kernel_files/figure-pdf/cell-26-output-1.pdf, id=4195, 358.0439pt x
 254.8609pt>
File: contents/2/kernel_files/figure-pdf/cell-26-output-1.pdf Graphic file (typ
e pdf)
<use contents/2/kernel_files/figure-pdf/cell-26-output-1.pdf>
Package luatex.def Info: contents/2/kernel_files/figure-pdf/cell-26-output-1.pd
f  used on input line 11441.
(luatex.def)             Requested size: 358.04301pt x 254.86028pt.

Overfull \hbox (10.9566pt too wide) in paragraph at lines 11441--11442
[][] 
 []

[251<./contents/2/kernel_files/figure-pdf/cell-26-output-1.pdf>] [252]

LaTeX Warning: Reference `sec-common_operations' on page 253 undefined on input
 line 11547.


Underfull \hbox (badness 1968) in paragraph at lines 11545--11552
[]\TU/lmr/m/n/10.95 Here \TU/lmtt/m/n/10.95 diff = X_new[:, None] - X[None, :] 
\TU/lmr/m/n/10.95 uses \TU/lmtt/m/n/10.95 numpy
 []

[253]
Underfull \hbox (badness 10000) in paragraph at lines 11582--11587
[]\TU/lmr/m/n/10.95 It au-to-mat-i-cally im-ple-ments \TU/lmtt/m/n/10.95 .get_pa
rams() \TU/lmr/m/n/10.95 and
 []


Underfull \hbox (badness 6032) in paragraph at lines 11582--11587
\TU/lmr/m/n/10.95 such as \TU/lmtt/m/n/10.95 GridSearchCV\TU/lmr/m/n/10.95 , \T
U/lmtt/m/n/10.95 RandomizedSearchCV\TU/lmr/m/n/10.95 , and
 []


Underfull \hbox (badness 4556) in paragraph at lines 11610--11611
[]\TU/lmr/m/n/10.95 By fol-low-ing these rules, the es-ti-ma-tor au-to-mat-i-cal
ly
 []


Underfull \hbox (badness 1571) in paragraph at lines 11636--11639
[]\TU/lmr/m/n/10.95 The mixin au-to-mat-i-cally im-ple-ments the \TU/lmtt/m/n/1
0.95 .score()
 []


Underfull \hbox (badness 10000) in paragraph at lines 11639--11643
[]\TU/lmr/m/n/10.95 A re-gres-sor should im-ple-ment \TU/lmtt/m/n/10.95 .fit(X, y) \TU/lmr/m/n/10.95 and
 []


Underfull \hbox (badness 1859) in paragraph at lines 11639--11643
\TU/lmtt/m/n/10.95 .predict(X)\TU/lmr/m/n/10.95 , where \TU/lmtt/m/n/10.95 y \T
U/lmr/m/n/10.95 is usu-ally a nu-mer-i-cal tar-
 []

[254] [255]
Overfull \hbox (55.3482pt too wide) in paragraph at lines 11707--11712
[]\TU/lmr/m/n/10.95 This \TU/lmtt/m/n/10.95 predict \TU/lmr/m/n/10.95 method is closely re-lated to the \TU/lmtt/m/n/10.95 kernel_regression_predict
 []

[256]
<contents/2/kernel_files/figure-pdf/cell-30-output-1.pdf, id=4275, 365.6034pt x
 254.8609pt>
File: contents/2/kernel_files/figure-pdf/cell-30-output-1.pdf Graphic file (typ
e pdf)
<use contents/2/kernel_files/figure-pdf/cell-30-output-1.pdf>
Package luatex.def Info: contents/2/kernel_files/figure-pdf/cell-30-output-1.pd
f  used on input line 11752.
(luatex.def)             Requested size: 365.6025pt x 254.86028pt.

Overfull \hbox (10.95418pt too wide) in paragraph at lines 11752--11753
[][] 
 []

<contents/2/kernel_files/figure-pdf/cell-31-output-1.pdf, id=4276, 358.0439pt x
 254.8609pt>
File: contents/2/kernel_files/figure-pdf/cell-31-output-1.pdf Graphic file (typ
e pdf)
<use contents/2/kernel_files/figure-pdf/cell-31-output-1.pdf>
Package luatex.def Info: contents/2/kernel_files/figure-pdf/cell-31-output-1.pd
f  used on input line 11771.
(luatex.def)             Requested size: 358.04301pt x 254.86028pt.

Overfull \hbox (10.9566pt too wide) in paragraph at lines 11771--11772
[][] 
 []

[257<./contents/2/kernel_files/figure-pdf/cell-30-output-1.pdf>] [258<./contents
/2/kernel_files/figure-pdf/cell-31-output-1.pdf>]
chapter 9.
[259

]
warning  (pdf backend): ignoring duplicate destination with the name 'exm-'
<contents/2/tree_files/figure-pdf/cell-2-output-1.pdf, id=4376, 182.48175pt x 1
81.3977pt>
File: contents/2/tree_files/figure-pdf/cell-2-output-1.pdf Graphic file (type p
df)
<use contents/2/tree_files/figure-pdf/cell-2-output-1.pdf>
Package luatex.def Info: contents/2/tree_files/figure-pdf/cell-2-output-1.pdf  
used on input line 11844.
(luatex.def)             Requested size: 182.4813pt x 181.39725pt.
<contents/2/tree_files/figure-pdf/cell-3-output-1.pdf, id=4377, 502.4349pt x 33
8.33276pt>
File: contents/2/tree_files/figure-pdf/cell-3-output-1.pdf Graphic file (type p
df)
<use contents/2/tree_files/figure-pdf/cell-3-output-1.pdf>
Package luatex.def Info: contents/2/tree_files/figure-pdf/cell-3-output-1.pdf  
used on input line 11861.
(luatex.def)             Requested size: 502.43367pt x 338.33192pt.
[260<./contents/2/tree_files/figure-pdf/cell-2-output-1.pdf>] [261<./contents/2/
tree_files/figure-pdf/cell-3-output-1.pdf>]
Underfull \hbox (badness 10000) in paragraph at lines 11984--11988
[]\TU/lmr/m/n/10.95 Split the dataset into two sub-
 []


Underfull \hbox (badness 10000) in paragraph at lines 11984--11988
\TU/lmr/m/n/10.95 sets: $\TU/latinmodern-math.otf(1)/b/n/10.95 𝐺[] = []$\TU/
lmr/m/n/10.95 ,
 []

[262] [263] [264]
warning  (pdf backend): ignoring duplicate destination with the name 'exm-'

warning  (pdf backend): ignoring duplicate destination with the name 'exm-'
[265] [266] [267] [268]
warning  (pdf backend): ignoring duplicate destination with the name 'exm-'
<contents/2/tree_files/figure-pdf/cell-4-output-1.pdf, id=4527, 294.50024pt x 2
92.6935pt>
File: contents/2/tree_files/figure-pdf/cell-4-output-1.pdf Graphic file (type p
df)
<use contents/2/tree_files/figure-pdf/cell-4-output-1.pdf>
Package luatex.def Info: contents/2/tree_files/figure-pdf/cell-4-output-1.pdf  
used on input line 12324.
(luatex.def)             Requested size: 294.49951pt x 292.69278pt.
[269<./contents/2/tree_files/figure-pdf/cell-4-output-1.pdf>]

Package longtable Warning: Column widths have changed
(longtable)                in none 29 on input line 12340.

[270]
warning  (pdf backend): ignoring duplicate destination with the name 'exm-'
<contents/2/tree_files/figure-latex/mermaid-figure-1.png, id=4586, 2252.415pt x
 1610.015pt>
File: contents/2/tree_files/figure-latex/mermaid-figure-1.png Graphic file (typ
e png)
<use contents/2/tree_files/figure-latex/mermaid-figure-1.png>
Package luatex.def Info: contents/2/tree_files/figure-latex/mermaid-figure-1.pn
g  used on input line 12399.
(luatex.def)             Requested size: 422.05183pt x 302.81061pt.

Overfull \hbox (123.33598pt too wide) in paragraph at lines 12399--12400
[][] 
 []

[271<./contents/2/tree_files/figure-latex/mermaid-figure-1.png>] [272]
Underfull \hbox (badness 5802) in paragraph at lines 12489--12493
[]\TU/lmr/m/n/10.95 In mod-ern prac-tice, pre-pruning pa-ram-e-ters and
 []


Overfull \hbox (4.77187pt too wide) in paragraph at lines 12504--12509
\TU/lmr/m/n/10.95 We use \TU/lmtt/m/n/10.95 DecisionTreeClassifier \TU/lmr/m/n/
10.95 and \TU/lmtt/m/n/10.95 DecisionTreeRegressor
 []

[273]

LaTeX Warning: Hyper reference `iris-datasetux29' on page 274 undefined on inpu
t line 12551.

[274]
Underfull \hbox (badness 1292) in paragraph at lines 12585--12589
[]\TU/lmr/m/n/10.95 Af-ter fit-ting the model, we can dis-play the tree us-ing
 []

<contents/2/tree_files/figure-pdf/cell-8-output-1.pdf, id=4612, 294.50024pt x 2
92.6935pt>
File: contents/2/tree_files/figure-pdf/cell-8-output-1.pdf Graphic file (type p
df)
<use contents/2/tree_files/figure-pdf/cell-8-output-1.pdf>
Package luatex.def Info: contents/2/tree_files/figure-pdf/cell-8-output-1.pdf  
used on input line 12609.
(luatex.def)             Requested size: 294.49951pt x 292.69278pt.

Overfull \hbox (6.73366pt too wide) in paragraph at lines 12609--12610
[][] 
 []

[275] [276<./contents/2/tree_files/figure-pdf/cell-8-output-1.pdf>] [277]
<contents/2/tree_files/figure-pdf/cell-11-output-1.pdf, id=4671, 449.61726pt x 
434.72914pt>
File: contents/2/tree_files/figure-pdf/cell-11-output-1.pdf Graphic file (type 
pdf)
<use contents/2/tree_files/figure-pdf/cell-11-output-1.pdf>
Package luatex.def Info: contents/2/tree_files/figure-pdf/cell-11-output-1.pdf 
 used on input line 12693.
(luatex.def)             Requested size: 449.61615pt x 434.72807pt.

Overfull \hbox (10.9583pt too wide) in paragraph at lines 12693--12694
[][] 
 []


Overfull \hbox (4.34679pt too wide) in paragraph at lines 12695--12700
[]\TU/lmr/m/n/10.95 Based on the plot, from 0.0 $\TU/latinmodern-math.otf(1)/b/
n/10.95 ≤$ \TU/lmtt/m/n/10.95 ccp_alpha $\TU/latinmodern-math.otf(1)/b/n/10.9
5 <$ \TU/lmr/m/n/10.95 0.02452452452452452,
 []

<contents/2/tree_files/figure-pdf/cell-12-output-1.pdf, id=4672, 322.50487pt x 
209.22165pt>
File: contents/2/tree_files/figure-pdf/cell-12-output-1.pdf Graphic file (type 
pdf)
<use contents/2/tree_files/figure-pdf/cell-12-output-1.pdf>
Package luatex.def Info: contents/2/tree_files/figure-pdf/cell-12-output-1.pdf 
 used on input line 12711.
(luatex.def)             Requested size: 322.50407pt x 209.22113pt.

Overfull \hbox (10.95pt too wide) in paragraph at lines 12711--12712
[][] 
 []

[278<./contents/2/tree_files/figure-pdf/cell-11-output-1.pdf>]

LaTeX Warning: Hyper reference `diabetes-datasetux29' on page 279 undefined on 
input line 12738.

[279<./contents/2/tree_files/figure-pdf/cell-12-output-1.pdf>]
Overfull \hbox (22.53387pt too wide) in paragraph at lines 12758--12763
\TU/lmtt/m/n/10.95 ccp_alpha \TU/lmr/m/n/10.95 val-ues. The method \TU/lmtt/m/n
/10.95 cost_complexity_pruning_path()
 []

[280] [281]
<contents/2/tree_files/figure-pdf/cell-16-output-1.pdf, id=4782, 452.97356pt x 
434.72914pt>
File: contents/2/tree_files/figure-pdf/cell-16-output-1.pdf Graphic file (type 
pdf)
<use contents/2/tree_files/figure-pdf/cell-16-output-1.pdf>
Package luatex.def Info: contents/2/tree_files/figure-pdf/cell-16-output-1.pdf 
 used on input line 12854.
(luatex.def)             Requested size: 452.97244pt x 434.72807pt.

Overfull \hbox (10.94879pt too wide) in paragraph at lines 12854--12855
[][] 
 []


Overfull \hbox (34.47075pt too wide) in paragraph at lines 12856--12860
[]\TU/lmr/m/n/10.95 From the plot, our se-lected \TU/lmtt/m/n/10.95 ccp_alpha\T
U/lmr/m/n/10.95 =np.float64(105.18472145590351)
 []

[282<./contents/2/tree_files/figure-pdf/cell-16-output-1.pdf>] [283]
chapter 10.
[284

]
Overfull \hbox (29.18283pt too wide) detected at line 12954
[]\TU/latinmodern-math.otf(1)/b/n/10.95 ([](𝑥), [](𝑥)) = []([](𝑥), [](
𝑥))[] ≈ 𝜌𝜎[].
 []


Overfull \hbox (22.95116pt too wide) detected at line 12985
[][]
 []

[285] [286]
warning  (pdf backend): ignoring duplicate destination with the name 'def-'
[287] [288] [289] [290] [291] [292] [293] [294] [295] [296] [297]
Overfull \hbox (9.76091pt too wide) in paragraph at lines 13639--13642
[]\TU/lmr/m/n/10.95 Use \TU/lmtt/m/n/10.95 RandomForestRegressor \TU/lmr/m/n/10
.95 or \TU/lmtt/m/n/10.95 RandomForestClassifier
 []

[298] [299] [300]
Overfull \hbox (21.22723pt too wide) in paragraph at lines 13977--13977
[]\TU/lmr/m/n/10.95 :ref:‘sphx_glr_auto_ex- 
 []


Overfull \hbox (34.32982pt too wide) in paragraph at lines 13977--13977
\TU/lmr/m/n/10.95 ples_tree_plot_cost_com- 
 []


Package longtable Warning: Column widths have changed
(longtable)                in none 30 on input line 14004.

[301] [302] [303]
Overfull \vbox (20.22368pt too high) has occurred while \output is active []

[304] [305]
Overfull \vbox (115.42372pt too high) has occurred while \output is active []

[306]
Overfull \vbox (74.6237pt too high) has occurred while \output is active []

[307] [308]
Overfull \vbox (101.82372pt too high) has occurred while \output is active []

[309]
Overfull \vbox (373.82384pt too high) has occurred while \output is active []

[310] [311]
Overfull \vbox (110.08746pt too high) has occurred while \output is active []

[312]
Overfull \hbox (1.11057pt too wide) in paragraph at lines 14028--14030
\TU/lmr/m/n/10.95 MDI can be di-rectly com-pu-tated us-ing \TU/lmtt/m/n/10.95 .f
eature_importances_
 []


Overfull \hbox (80.70157pt too wide) in paragraph at lines 14038--14038
[]\TU/lmtt/m/n/10.95 array([0.02767912, 0.05947287, 0.11152095, 0.02443874, 0.02
509798,[] 
 []


Overfull \hbox (86.45032pt too wide) in paragraph at lines 14039--14039
[]       \TU/lmtt/m/n/10.95 0.25352125, 0.02526593, 0.03385812, 0.26526717, 0.17
387786])[] 
 []


Overfull \hbox (11.71658pt too wide) in paragraph at lines 14056--14056
[]\TU/lmtt/m/n/10.95 array([-5.27777778e-03,  1.12037037e-02,  8.38888889e-
 []


Overfull \hbox (11.71658pt too wide) in paragraph at lines 14057--14057
[]        \TU/lmtt/m/n/10.95 4.62962963e-04,  1.86111111e-01, -1.20370370e-
 []

[313]
<contents/2/rf_files/figure-pdf/cell-11-output-1.pdf, id=5471, 475.93747pt x 33
8.33276pt>
File: contents/2/rf_files/figure-pdf/cell-11-output-1.pdf Graphic file (type pd
f)
<use contents/2/rf_files/figure-pdf/cell-11-output-1.pdf>
Package luatex.def Info: contents/2/rf_files/figure-pdf/cell-11-output-1.pdf  u
sed on input line 14078.
(luatex.def)             Requested size: 475.93631pt x 338.33192pt.

Overfull \hbox (10.96523pt too wide) in paragraph at lines 14078--14079
[][] 
 []

[314<./contents/2/rf_files/figure-pdf/cell-11-output-1.pdf>] [315]
Underfull \hbox (badness 1231) in paragraph at lines 14158--14161
\TU/lmr/m/n/10.95 larger trees in bag-ging. There-fore we don’t need
 []


Overfull \hbox (94.52693pt too wide) in paragraph at lines 14223--14223
[]\TU/lmtt/m/n/10.95 {'max_features': 0.3, 'max_samples': 0.8, 'min_samples_leaf
': 1}[] 
 []

[316]
Overfull \hbox (2.54695pt too wide) in paragraph at lines 14258--14258
[]\TU/lmtt/m/n/10.95 {'max_features': np.float64(0.9220787804235238),[] 
 []

[317] [318]
Overfull \hbox (27.91628pt too wide) in paragraph at lines 14307--14314
[]\TU/lmr/m/n/10.95 For ex-am-ple, \TU/lmtt/m/n/10.95 GridSearchCV(RandomForestC
lassifier(n_jobs=1),
 []


Overfull \hbox (134.6549pt too wide) in paragraph at lines 14307--14314
\TU/lmtt/m/n/10.95 n_jobs=-1) \TU/lmr/m/n/10.95 is gen-er-ally pre-ferred over 
\TU/lmtt/m/n/10.95 GridSearchCV(RandomForestClassifier(n_jobs=-
 []


warning  (pdf backend): ignoring duplicate destination with the name 'exm-'
[319] [320] [321] [322]
Overfull \hbox (184.17905pt too wide) in paragraph at lines 14513--14513
[]\TU/lmtt/m/n/10.95 Best parameters: {'max_features': 'sqrt', 'max_samples': 1.
0, 'min_samples_leaf': 5}[] 
 []

[323]
<contents/2/rf_files/figure-pdf/cell-26-output-1.pdf, id=5566, 673.65427pt x 28
2.68486pt>
File: contents/2/rf_files/figure-pdf/cell-26-output-1.pdf Graphic file (type pd
f)
<use contents/2/rf_files/figure-pdf/cell-26-output-1.pdf>
Package luatex.def Info: contents/2/rf_files/figure-pdf/cell-26-output-1.pdf  u
sed on input line 14569.
(luatex.def)             Requested size: 673.65262pt x 282.68416pt.

Overfull \hbox (10.95573pt too wide) in paragraph at lines 14569--14570
[][] 
 []


Overfull \hbox (21.22723pt too wide) in paragraph at lines 14761--14762
[]\TU/lmr/m/n/10.95 :ref:‘sphx_glr_auto_ex- 
 []


Overfull \hbox (21.22723pt too wide) in paragraph at lines 14810--14810
[]\TU/lmr/m/n/10.95 :ref:‘sphx_glr_auto_ex- 
 []


Overfull \hbox (34.32982pt too wide) in paragraph at lines 14810--14810
\TU/lmr/m/n/10.95 ples_tree_plot_cost_com- 
 []


Overfull \hbox (0.60553pt too wide) in paragraph at lines 14825--14825
\TU/lmr/m/n/10.95 ‘max(round(n_sam- 
 []

[324<./contents/2/rf_files/figure-pdf/cell-26-output-1.pdf>]

Package longtable Warning: Column widths have changed
(longtable)                in none 32 on input line 14847.

[325]
Overfull \vbox (210.62376pt too high) has occurred while \output is active []

[326] [327] [328]
Overfull \vbox (20.22368pt too high) has occurred while \output is active []

[329] [330]
Overfull \vbox (333.02382pt too high) has occurred while \output is active []

[331] [332]
Overfull \vbox (101.82372pt too high) has occurred while \output is active []

[333] [334] [335] [336] [337] [338] [339] [340] [341]
<contents/2/rf_files/figure-pdf/cell-28-output-1.pdf, id=6226, 335.91435pt x 25
4.8609pt>
File: contents/2/rf_files/figure-pdf/cell-28-output-1.pdf Graphic file (type pd
f)
<use contents/2/rf_files/figure-pdf/cell-28-output-1.pdf>
Package luatex.def Info: contents/2/rf_files/figure-pdf/cell-28-output-1.pdf  u
sed on input line 14864.
(luatex.def)             Requested size: 335.91351pt x 254.86028pt.

Overfull \hbox (10.95605pt too wide) in paragraph at lines 14864--14865
[][] 
 []

[342<./contents/2/rf_files/figure-pdf/cell-28-output-1.pdf>]
<contents/2/rf_files/figure-pdf/cell-29-output-1.pdf, id=6272, 337.07993pt x 25
4.8609pt>
File: contents/2/rf_files/figure-pdf/cell-29-output-1.pdf Graphic file (type pd
f)
<use contents/2/rf_files/figure-pdf/cell-29-output-1.pdf>
Package luatex.def Info: contents/2/rf_files/figure-pdf/cell-29-output-1.pdf  u
sed on input line 14887.
(luatex.def)             Requested size: 337.0791pt x 254.86028pt.

Overfull \hbox (10.96391pt too wide) in paragraph at lines 14887--14888
[][] 
 []

[343<./contents/2/rf_files/figure-pdf/cell-29-output-1.pdf>]
chapter 11.
[344

] [345] [346]
warning  (pdf backend): ignoring duplicate destination with the name 'exm-'

Package longtable Warning: Column widths have changed
(longtable)                in table 11.1 on input line 15061.


Overfull \hbox (12.9398pt too wide) detected at line 15067
[] \TU/latinmodern-math.otf(1)/b/n/10.95 = 1 − (0.5 + 0.125 + 0.125)[] − (0.
125 + 0.125)[] = 0.375.
 []


Overfull \hbox (84.85947pt too wide) detected at line 15103
[][] \TU/latinmodern-math.otf(1)/b/n/10.95 = [] = [].
 []

[347]
Overfull \hbox (251.21588pt too wide) detected at line 15122
\TU/latinmodern-math.otf(1)/b/n/10.95 𝑤[] [] [] ← []
 []

[348] [349] [350] [351]
Underfull \hbox (badness 2253) in paragraph at lines 15355--15360
[]\TU/lmr/m/n/10.95 More im-por-tantly, many of the key ideas be-hind
 []

[352] [353] [354]
Overfull \hbox (16.69878pt too wide) in paragraph at lines 15500--15500
\TU/lmr/m/n/10.95 :class:‘~sklearn.tree.De- 
 []


Package longtable Warning: Column widths have changed
(longtable)                in none 33 on input line 15530.

[355] [356]
Overfull \hbox (21.22723pt too wide) in paragraph at lines 15717--15717
[]\TU/lmr/m/n/10.95 :ref:‘sphx_glr_auto_ex- 
 []


Overfull \hbox (34.32982pt too wide) in paragraph at lines 15717--15717
\TU/lmr/m/n/10.95 ples_tree_plot_cost_com- 
 []

[357]

Package longtable Warning: Column widths have changed
(longtable)                in none 34 on input line 15744.

[358] [359] [360]
Overfull \vbox (20.22368pt too high) has occurred while \output is active []

[361] [362]
Overfull \vbox (115.42372pt too high) has occurred while \output is active []

[363]
Overfull \vbox (74.6237pt too high) has occurred while \output is active []

[364] [365]
Overfull \vbox (101.82372pt too high) has occurred while \output is active []

[366]
Overfull \vbox (373.82384pt too high) has occurred while \output is active []

[367] [368]
Overfull \vbox (110.08746pt too high) has occurred while \output is active []

[369] [370] [371]
<contents/2/boost_files/figure-pdf/cell-10-output-1.pdf, id=7005, 365.6034pt x 
254.8609pt>
File: contents/2/boost_files/figure-pdf/cell-10-output-1.pdf Graphic file (type
 pdf)
<use contents/2/boost_files/figure-pdf/cell-10-output-1.pdf>
Package luatex.def Info: contents/2/boost_files/figure-pdf/cell-10-output-1.pdf
  used on input line 15852.
(luatex.def)             Requested size: 365.6025pt x 254.86028pt.

Overfull \hbox (10.95418pt too wide) in paragraph at lines 15852--15853
[][] 
 []

[372<./contents/2/boost_files/figure-pdf/cell-10-output-1.pdf>]
<contents/2/boost_files/figure-pdf/cell-11-output-1.pdf, id=7047, 367.62657pt x
 254.8609pt>
File: contents/2/boost_files/figure-pdf/cell-11-output-1.pdf Graphic file (type
 pdf)
<use contents/2/boost_files/figure-pdf/cell-11-output-1.pdf>
Package luatex.def Info: contents/2/boost_files/figure-pdf/cell-11-output-1.pdf
  used on input line 15899.
(luatex.def)             Requested size: 367.62567pt x 254.86028pt.

Overfull \hbox (10.94682pt too wide) in paragraph at lines 15899--15900
[][] 
 []


Overfull \hbox (62.1621pt too wide) in alignment at lines 15913--15919
 [][] 
 []

[373<./contents/2/boost_files/figure-pdf/cell-11-output-1.pdf>]

Package longtable Warning: Column widths have changed
(longtable)                in none 35 on input line 15919.


Overfull \hbox (5.20421pt too wide) in paragraph at lines 15933--15936
[]\TU/lmr/m/n/10.95 smaller \TU/lmtt/m/n/10.95 learning_rate \TU/lmr/m/n/10.95 
usu-ally needs larger \TU/lmtt/m/n/10.95 n_estimators\TU/lmr/m/n/10.95 ; 
 []

[374] [375] [376]
Overfull \hbox (396.88275pt too wide) in paragraph at lines 16073--16073
[]\TU/lmtt/m/n/10.95 Best parameters: {'estimator__max_depth': 2, 'estimator__mi
n_samples_leaf': 5, 'learning_rate': 0.1, 'n_estimators': 600}[] 
 []

[377] [378] [379] [380]
Overfull \hbox (6.85336pt too wide) detected at line 16315
[][][][][][]
 []

[381]

LaTeX Warning: Reference `eq-xg_loss' on page 382 undefined on input line 16367
.

[382] [383] [384] [385] [386] [387] [388]
Overfull \hbox (11.33223pt too wide) in alignment at lines 16840--16850
 [][] 
 []

[389]

Package longtable Warning: Column widths have changed
(longtable)                in none 36 on input line 16850.


Underfull \hbox (badness 3965) in paragraph at lines 16873--16878
[]\TU/lmtt/m/n/10.95 colsample_bytree \TU/lmr/m/n/10.95 con-trols the frac-tion of pre-dic-
 []

[390] [391] [392]
Underfull \hbox (badness 3482) in paragraph at lines 17007--17010
[]\TU/lmr/m/n/10.95 tune model com-plex-ity pa-ram-e-ters first, such as
 []


Underfull \hbox (badness 1163) in paragraph at lines 17012--17015
[]\TU/lmr/m/n/10.95 tune sam-pling pa-ram-e-ters, such as \TU/lmtt/m/n/10.95 sub
sample \TU/lmr/m/n/10.95 and
 []

[393] [394] [395] [396]
Overfull \hbox (0.21909pt too wide) in paragraph at lines 17199--17199
[]\TU/lmtt/m/n/10.95 {'colsample_bytree': np.float64(0.8650107467800177),[] 
 []

[397]
Overfull \hbox (21.88612pt too wide) in paragraph at lines 17251--17253
\TU/lmr/m/n/10.95 Now we can run re-fined grid search us-ing \TU/lmtt/m/n/10.95
 n_estimators=best_round
 []

[398] [399] [400] [401]
<contents/2/boost_files/figure-pdf/cell-32-output-1.pdf, id=7252, 419.92822pt x
 282.68486pt>
File: contents/2/boost_files/figure-pdf/cell-32-output-1.pdf Graphic file (type
 pdf)
<use contents/2/boost_files/figure-pdf/cell-32-output-1.pdf>
Package luatex.def Info: contents/2/boost_files/figure-pdf/cell-32-output-1.pdf
  used on input line 17426.
(luatex.def)             Requested size: 419.92719pt x 282.68416pt.

Overfull \hbox (10.96194pt too wide) in paragraph at lines 17426--17427
[][] 
 []

[402<./contents/2/boost_files/figure-pdf/cell-32-output-1.pdf>]
part IV.
Package scrkbase Info: You've told me to use the font selection of the element
(scrkbase)             `partprefix' that is an alias of element `partnumber'
(scrkbase)              on input line 17432.
[403

]
chapter 12.
[404

] [405] [406]
<contents/3/cluster_files/figure-pdf/cell-2-output-1.pdf, id=7317, 307.90973pt 
x 198.1321pt>
File: contents/3/cluster_files/figure-pdf/cell-2-output-1.pdf Graphic file (typ
e pdf)
<use contents/3/cluster_files/figure-pdf/cell-2-output-1.pdf>
Package luatex.def Info: contents/3/cluster_files/figure-pdf/cell-2-output-1.pd
f  used on input line 17585.
(luatex.def)             Requested size: 307.90898pt x 198.13159pt.

Overfull \hbox (10.94852pt too wide) in paragraph at lines 17585--17586
[][] 
 []

[407<./contents/3/cluster_files/figure-pdf/cell-2-output-1.pdf>] [408]
Overfull \hbox (14.16077pt too wide) detected at line 17662
\TU/latinmodern-math.otf(1)/b/n/10.95 𝜇[] = [] = (8.05, 0.05).
 []


Overfull \hbox (281.09377pt too wide) detected at line 17688
[][]
 []

[409]
Overfull \hbox (3.70387pt too wide) detected at line 17774
\TU/latinmodern-math.otf(1)/b/n/10.95 𝑎(1) = [] ≈ 0.224.
 []


Overfull \hbox (97.24557pt too wide) detected at line 17789
[][]
 []

[410]
Overfull \hbox (224.14735pt too wide) detected at line 17805
[][]
 []

[411]

Package longtable Warning: Column widths have changed
(longtable)                in none 38 on input line 17890.

[412]

Package amsmath Warning: Foreign command \atopwithdelims;
(amsmath)                \frac or \genfrac should be used instead
(amsmath)                 on input line 17927.

[413]
<contents/3/cluster_files/figure-latex/mermaid-figure-1.png, id=7370, 2577.63pt
 x 1814.78pt>
File: contents/3/cluster_files/figure-latex/mermaid-figure-1.png Graphic file (
type png)
<use contents/3/cluster_files/figure-latex/mermaid-figure-1.png>
Package luatex.def Info: contents/3/cluster_files/figure-latex/mermaid-figure-1
.png  used on input line 17957.
(luatex.def)             Requested size: 483.46178pt x 340.38118pt.

Overfull \hbox (195.69592pt too wide) in paragraph at lines 17957--17958
[][] 
 []

[414] [415<./contents/3/cluster_files/figure-latex/mermaid-figure-1.png>]

Package longtable Warning: Column widths have changed
(longtable)                in none 39 on input line 18027.

[416]
Overfull \hbox (34.97624pt too wide) detected at line 18131
[] \TU/latinmodern-math.otf(1)/b/n/10.95 = [].
 []

[417] [418]
Overfull \hbox (127.03326pt too wide) detected at line 18209
[] \TU/latinmodern-math.otf(1)/b/n/10.95 = [] = [].
 []


Overfull \hbox (8.07129pt too wide) detected at line 18253
[]
 []


Overfull \hbox (10.95pt too wide) in paragraph at lines 18253--18253
[] 
 []

[419]
Overfull \hbox (44.46771pt too wide) detected at line 18284
\TU/latinmodern-math.otf(1)/b/n/10.95 𝑎 = [] [],  𝑅 = [] [],  𝐶 = [] [
],  𝑁 = [].
 []

[420]
warning  (pdf backend): ignoring duplicate destination with the name 'exm-'

LaTeX Warning: Reference `exm-high-rand-score' on page 421 undefined on input l
ine 18340.

[421] [422]
<contents/3/cluster_files/figure-pdf/cell-10-output-1.pdf, id=7418, 359.36754pt
 x 254.8609pt>
File: contents/3/cluster_files/figure-pdf/cell-10-output-1.pdf Graphic file (ty
pe pdf)
<use contents/3/cluster_files/figure-pdf/cell-10-output-1.pdf>
Package luatex.def Info: contents/3/cluster_files/figure-pdf/cell-10-output-1.p
df  used on input line 18462.
(luatex.def)             Requested size: 359.36664pt x 254.86028pt.

Overfull \hbox (10.96423pt too wide) in paragraph at lines 18462--18463
[][] 
 []

[423] [424<./contents/3/cluster_files/figure-pdf/cell-10-output-1.pdf>]
<contents/3/cluster_files/figure-pdf/cell-12-output-1.pdf, id=7462, 359.36754pt
 x 254.8609pt>
File: contents/3/cluster_files/figure-pdf/cell-12-output-1.pdf Graphic file (ty
pe pdf)
<use contents/3/cluster_files/figure-pdf/cell-12-output-1.pdf>
Package luatex.def Info: contents/3/cluster_files/figure-pdf/cell-12-output-1.p
df  used on input line 18520.
(luatex.def)             Requested size: 359.36664pt x 254.86028pt.

Overfull \hbox (10.96423pt too wide) in paragraph at lines 18520--18521
[][] 
 []

[425<./contents/3/cluster_files/figure-pdf/cell-12-output-1.pdf>] [426]
<contents/3/cluster_files/figure-pdf/cell-15-output-1.pdf, id=7507, 683.22125pt
 x 282.68486pt>
File: contents/3/cluster_files/figure-pdf/cell-15-output-1.pdf Graphic file (ty
pe pdf)
<use contents/3/cluster_files/figure-pdf/cell-15-output-1.pdf>
Package luatex.def Info: contents/3/cluster_files/figure-pdf/cell-15-output-1.p
df  used on input line 18601.
(luatex.def)             Requested size: 683.21957pt x 282.68416pt.

Overfull \hbox (10.94463pt too wide) in paragraph at lines 18601--18602
[][] 
 []

[427<./contents/3/cluster_files/figure-pdf/cell-15-output-1.pdf>] [428]
<contents/3/cluster_files/figure-pdf/cell-16-output-1.pdf, id=7563, 619.6682pt 
x 282.68486pt>
File: contents/3/cluster_files/figure-pdf/cell-16-output-1.pdf Graphic file (ty
pe pdf)
<use contents/3/cluster_files/figure-pdf/cell-16-output-1.pdf>
Package luatex.def Info: contents/3/cluster_files/figure-pdf/cell-16-output-1.p
df  used on input line 18702.
(luatex.def)             Requested size: 619.66669pt x 282.68416pt.

Overfull \hbox (10.94797pt too wide) in paragraph at lines 18702--18703
[][] 
 []

[429<./contents/3/cluster_files/figure-pdf/cell-16-output-1.pdf>]
Underfull \hbox (badness 1087) in paragraph at lines 18736--18739
[]\TU/lmr/m/n/10.95 Av-er-age link-age uses the av-er-age pair-wise dis-tance:
 []

[430]
<contents/3/cluster_files/figure-pdf/cell-17-output-1.pdf, id=7613, 359.22017pt
 x 256.82135pt>
File: contents/3/cluster_files/figure-pdf/cell-17-output-1.pdf Graphic file (ty
pe pdf)
<use contents/3/cluster_files/figure-pdf/cell-17-output-1.pdf>
Package luatex.def Info: contents/3/cluster_files/figure-pdf/cell-17-output-1.p
df  used on input line 18791.
(luatex.def)             Requested size: 359.21928pt x 256.82071pt.

Overfull \hbox (10.94589pt too wide) in paragraph at lines 18791--18792
[][] 
 []

[431] [432<./contents/3/cluster_files/figure-pdf/cell-17-output-1.pdf>]
<contents/3/cluster_files/figure-pdf/cell-19-output-1.pdf, id=7663, 359.36754pt
 x 254.8609pt>
File: contents/3/cluster_files/figure-pdf/cell-19-output-1.pdf Graphic file (ty
pe pdf)
<use contents/3/cluster_files/figure-pdf/cell-19-output-1.pdf>
Package luatex.def Info: contents/3/cluster_files/figure-pdf/cell-19-output-1.p
df  used on input line 18827.
(luatex.def)             Requested size: 359.36664pt x 254.86028pt.

Overfull \hbox (10.96423pt too wide) in paragraph at lines 18827--18828
[][] 
 []

<contents/3/cluster_files/figure-pdf/cell-20-output-1.pdf, id=7664, 361.34308pt
 x 254.75113pt>
File: contents/3/cluster_files/figure-pdf/cell-20-output-1.pdf Graphic file (ty
pe pdf)
<use contents/3/cluster_files/figure-pdf/cell-20-output-1.pdf>
Package luatex.def Info: contents/3/cluster_files/figure-pdf/cell-20-output-1.p
df  used on input line 18847.
(luatex.def)             Requested size: 361.34218pt x 254.75049pt.

Overfull \hbox (10.9744pt too wide) in paragraph at lines 18847--18848
[][] 
 []

[433<./contents/3/cluster_files/figure-pdf/cell-19-output-1.pdf>]
Underfull \hbox (badness 10000) in paragraph at lines 18870--18880
[]\TU/lmr/m/n/10.95 In \TU/lmtt/m/n/10.95 sklearn\TU/lmr/m/n/10.95 , the usual
 []


Underfull \hbox (badness 4686) in paragraph at lines 18870--18880
\TU/lmtt/m/n/10.95 AgglomerativeClustering(n_clusters=...) \TU/lmr/m/n/10.95 in-
ter-
 []


Underfull \hbox (badness 10000) in paragraph at lines 18881--18887
[]\TU/lmr/m/n/10.95 If the goal is a strict height-based cut,
 []


Underfull \hbox (badness 10000) in paragraph at lines 18881--18887
\TU/lmr/m/n/10.95 use \TU/lmtt/m/n/10.95 scipy.cluster.hierarchy.linkage \TU/lm
r/m/n/10.95 with
 []


Underfull \hbox (badness 5924) in paragraph at lines 18881--18887
\TU/lmtt/m/n/10.95 fcluster\TU/lmr/m/n/10.95 , or use \TU/lmtt/m/n/10.95 Agglome
rativeClustering \TU/lmr/m/n/10.95 with
 []

[434<./contents/3/cluster_files/figure-pdf/cell-20-output-1.pdf>] [435]
<contents/3/cluster_files/figure-pdf/cell-21-output-1.pdf, id=7754, 626.05142pt
 x 505.27646pt>
File: contents/3/cluster_files/figure-pdf/cell-21-output-1.pdf Graphic file (ty
pe pdf)
<use contents/3/cluster_files/figure-pdf/cell-21-output-1.pdf>
Package luatex.def Info: contents/3/cluster_files/figure-pdf/cell-21-output-1.p
df  used on input line 18923.
(luatex.def)             Requested size: 626.0499pt x 505.27522pt.

Overfull \hbox (10.9586pt too wide) in paragraph at lines 18923--18924
[][] 
 []

[436<./contents/3/cluster_files/figure-pdf/cell-21-output-1.pdf>] [437] [438] [
439]
<contents/3/cluster_files/figure-pdf/cell-23-output-1.pdf, id=7813, 619.6682pt 
x 282.68486pt>
File: contents/3/cluster_files/figure-pdf/cell-23-output-1.pdf Graphic file (ty
pe pdf)
<use contents/3/cluster_files/figure-pdf/cell-23-output-1.pdf>
Package luatex.def Info: contents/3/cluster_files/figure-pdf/cell-23-output-1.p
df  used on input line 19110.
(luatex.def)             Requested size: 619.66669pt x 282.68416pt.

Overfull \hbox (10.94797pt too wide) in paragraph at lines 19110--19111
[][] 
 []

[440<./contents/3/cluster_files/figure-pdf/cell-23-output-1.pdf>]
Overfull \hbox (17.34576pt too wide) in paragraph at lines 19167--19170
[]\TU/lmr/m/n/10.95 In Python we can use \TU/lmtt/m/n/10.95 NearestNeighbors \T
U/lmr/m/n/10.95 from \TU/lmtt/m/n/10.95 sklearn.neighbors
 []

[441]
<contents/3/cluster_files/figure-pdf/cell-24-output-1.pdf, id=7855, 365.6034pt 
x 254.8609pt>
File: contents/3/cluster_files/figure-pdf/cell-24-output-1.pdf Graphic file (ty
pe pdf)
<use contents/3/cluster_files/figure-pdf/cell-24-output-1.pdf>
Package luatex.def Info: contents/3/cluster_files/figure-pdf/cell-24-output-1.p
df  used on input line 19191.
(luatex.def)             Requested size: 365.6025pt x 254.86028pt.

Overfull \hbox (10.95418pt too wide) in paragraph at lines 19191--19192
[][] 
 []

[442<./contents/3/cluster_files/figure-pdf/cell-24-output-1.pdf>]
<contents/3/cluster_files/figure-pdf/cell-25-output-1.pdf, id=7902, 731.6867pt 
x 282.68486pt>
File: contents/3/cluster_files/figure-pdf/cell-25-output-1.pdf Graphic file (ty
pe pdf)
<use contents/3/cluster_files/figure-pdf/cell-25-output-1.pdf>
Package luatex.def Info: contents/3/cluster_files/figure-pdf/cell-25-output-1.p
df  used on input line 19226.
(luatex.def)             Requested size: 731.68492pt x 282.68416pt.

Overfull \hbox (10.95486pt too wide) in paragraph at lines 19226--19227
[][] 
 []

[443<./contents/3/cluster_files/figure-pdf/cell-25-output-1.pdf>] [444] [445] [
446]
Underfull \vbox (badness 10000) detected at line 19417
 []


Underfull \vbox (badness 10000) detected at line 19417
 []

[447]
<contents/3/cluster_files/figure-pdf/cell-26-output-1.pdf, id=7953, 738.06992pt
 x 282.67984pt>
File: contents/3/cluster_files/figure-pdf/cell-26-output-1.pdf Graphic file (ty
pe pdf)
<use contents/3/cluster_files/figure-pdf/cell-26-output-1.pdf>
Package luatex.def Info: contents/3/cluster_files/figure-pdf/cell-26-output-1.p
df  used on input line 19419.
(luatex.def)             Requested size: 738.0681pt x 282.67914pt.

Overfull \hbox (10.9481pt too wide) in paragraph at lines 19419--19420
[][] 
 []

[448<./contents/3/cluster_files/figure-pdf/cell-26-output-1.pdf>]
<contents/3/cluster_files/figure-pdf/cell-27-output-1.pdf, id=8011, 722.10402pt
 x 282.67984pt>
File: contents/3/cluster_files/figure-pdf/cell-27-output-1.pdf Graphic file (ty
pe pdf)
<use contents/3/cluster_files/figure-pdf/cell-27-output-1.pdf>
Package luatex.def Info: contents/3/cluster_files/figure-pdf/cell-27-output-1.p
df  used on input line 19482.
(luatex.def)             Requested size: 722.10225pt x 282.67914pt.

Overfull \hbox (10.94312pt too wide) in paragraph at lines 19482--19483
[][] 
 []

[449<./contents/3/cluster_files/figure-pdf/cell-27-output-1.pdf>] [450]
<contents/3/cluster_files/figure-pdf/cell-28-output-1.pdf, id=8075, 731.6867pt 
x 282.67984pt>
File: contents/3/cluster_files/figure-pdf/cell-28-output-1.pdf Graphic file (ty
pe pdf)
<use contents/3/cluster_files/figure-pdf/cell-28-output-1.pdf>
Package luatex.def Info: contents/3/cluster_files/figure-pdf/cell-28-output-1.p
df  used on input line 19548.
(luatex.def)             Requested size: 731.68492pt x 282.67914pt.

Overfull \hbox (10.95486pt too wide) in paragraph at lines 19548--19549
[][] 
 []

[451<./contents/3/cluster_files/figure-pdf/cell-28-output-1.pdf>]
chapter 13.
[452

] [453] [454] [455] [456] [457]
Underfull \hbox (badness 5771) in paragraph at lines 19913--19917
\TU/lmtt/m/n/10.95 sklearn.decomposition.PCA\TU/lmr/m/n/10.95 . The math-e-mat-i
-cal ob-jects
 []

[458]
Overfull \hbox (23.35579pt too wide) in paragraph at lines 19936--19937
[]|\TU/lmtt/m/n/10.95 pca.explained_variance_ratio_|  
 []


! Class scrreprt Error: undefined old font command `\tt'.

See the scrreprt class documentation for explanation.
Type  H <return>  for immediate help.
 ...                                              
                                                  
l.19951 Therefore, \(\tt
                      {pca.transform(X)}=X_cV_m=U_mD_m\).

Here is how much of LuaTeX's memory you used:
 46597 strings out of 475704
 244187,1977958 words of node,token memory allocated
 15894 words of node memory still in use:
   123 hlist, 26 vlist, 38 rule, 37 disc, 20 local_par, 3 dir, 28 math, 248 glue
, 64 kern, 53 penalty, 7 sub_mlist, 7 margin_kern, 775 glyph, 1598 attribute, 78
 glue_spec, 800 attribute_list, 3 temp, 2 if_stack, 2 write, 2 pdf_dest, 83 pdf_
action nodes
   avail lists: 1:5,2:2208,3:1179,4:707,5:704,6:433,7:19251,8:185,9:2239,10:20,1
1:952,12:1
 67267 multiletter control sequences out of 65536+600000
 148 fonts using 45872735 bytes
 108i,18n,114p,11226b,1126s stack positions out of 10000i,1000n,20000p,200000b,200000s
!  ==> Fatal error occurred, no output PDF file produced!
